like,想要有直升机
like,想要和你飞到宇宙去
happiness,想要和你融化在一起融化在银河里
happiness,我每天每天每天在想想想想着你
happiness,这样的甜蜜让我开始相信命运
like,感谢地心引力让我碰到你
happiness,漂亮的让我面红的可爱女人
happiness,温柔的让我心疼的可爱女人
happiness,透明的让我感动的可爱女人
happiness,坏坏的让我疯狂的可爱女人
sadness,世界这样大而我而我只是只小小小的蚂蚁
happiness,但我要尽全力全力全力保护你
fear,如果说怀疑可以造句
sadness,如果说分离能够翻译
fear,如果这一切真的可以
sadness,我想要将我的寂寞封闭
like,然后在这里不限日期
like,然后将过去慢慢温习让我爱上你
disgust,那场悲剧是你完美演出的一场戏
disgust,宁愿心碎哭泣再狠狠忘记你爱过我的证据
anger,让晶莹的泪滴闪烁成回忆伤人的美丽
fear,你的完美主义太彻底让我连恨都难以下笔
anger,将真心抽离写成日记像是一场默剧
disgust,你的完美主义太彻底
disgust,分手的话像语言暴力
sadness,我已无能为力再提起
disgust,决定中断熟悉
like,乘着风游荡在蓝天边
like,一片云掉落在我面前捏成你的形状
like,随风跟着我一口一口吃掉忧愁
like,载着你彷彿载着阳光不管到哪里都是晴天
like,蝴蝶自在飞花也佈满天一朵一朵因你而香
like,试图让夕阳飞翔带领你我环绕大自然
like,迎着风开始共渡每一天
happiness,手牵手一步两步三步四步望着天
like,看星星一颗两颗三颗四颗连成线
happiness,背对背默默许下心愿
like,看远方的星是否听的见
happiness,看远方的星如果听的见它一定实现
like,娘子却依旧每日折一枝杨柳你在那里
like,在小村外的溪边河口默默等着我
like,娘子依旧每日折一枝杨柳称在那里
like,在小村外的溪边默默等着娘子
like,一壶好酒再来一碗热粥配上几斤的牛肉
like,我说店小二三两银够不够
like,景色入秋漫天黄沙掠过塞北的客栈人多　
sadness,牧草有没有我马儿有些瘦
disgust,世事看透江湖上潮起潮落什么恩怨过错
sadness,在多年以后还是让人难过
sadness,心伤透娘子她人在江南等我泪不休语沉默
like,娘子却依旧每日折一枝杨柳
like,在小村外的溪边河口默默的在等着我
sadness,家乡的爹娘早亡苍老了轮廓
sadness,娘子我欠你太多
sadness,天涯尽头满脸风霜落寞近乡情怯的我
sadness,相思寄红豆相思寄红豆
fear,无能为力的在人海中漂泊
sadness,心伤透娘子她人在江南等我泪不休语沉默
anger,有什么不妥有话就直说
anger,别窝在角落不爽就反驳到底跩什么
anger,懂不懂篮球有种不要走
like,所有人看着我抛物线进球
like,单手过人运球篮下妙传出手
happiness,漂亮的假动作帅呆了我
like,全场盯人防守篮下禁区游走
happiness,快攻抢篮板球得分都靠我
anger,你拿了球不投又不会掩护我
anger,选你这种队友瞎透了我
anger,说你说分数怎么停留一直在停留谁让它停留的
anger,为什么我女朋友场外加油你却还让我出糗
anger,你说啊你怎么抄我球
anger,你说啊你怎么打我手
anger,你说是不是你不想活
anger,说你怎么面对我
anger,甩开球我满腔的怒火
anger,我想揍你已经很久
anger,别想走说你眼睛看着我
anger,别发抖你给我抬起头
anger,有话去对医药箱说别怪我
sadness,难过是因为闷了很久是因为想了太多是心理起了作用
sadness,你说苦笑常常陪着你在一起
fear,有点勉强该不该现在休了我
disgust,不想太多我想一定是我听错弄错搞错
disgust,拜託我想是你的脑袋有问题
sadness,随便说说其实我早己经猜透看透
sadness,不想多说只是我怕眼泪撑不住
disgust,不懂你的黑色幽默
sadness,想通却又再考倒我
disgust,说散你想很久了吧
disgust,我不想拆穿你
disgust,当作是你开的玩笑
sadness,想通却又再考倒我
disgust,说散你想很久了吧
sadness,败给你的黑色幽默
sadness,我的认真败给黑色幽默
like,走过了很多地方我来到伊斯坦堡
like,就像是童话故事有教堂有城堡
disgust,每天忙碌地寻找到底什么
surprise,我想要却发现迷了路怎么找也找不着
surprise,心血来潮起个大早怎么我也睡不着
like,昨晚梦里你来找我才原来我只想要你陪我去吃汉堡
like,说穿了其实我的愿望就这么小
like,就这么每天祈祷我的心跳
like,你知道杵在伊斯坦堡却只想你和汉堡
happiness,我想要你的微笑每天都能看到
happiness,我知道这里很美但家乡的你更美
surprise,沙漠之中怎么会有泥鳅
surprise,话说完飞过一只海鸥
disgust,大峡谷的风呼啸而过是谁说没有
fear,有一条热昏头的响尾蛇无力的躺在干枯的河在等待雨季来临变沼泽
fear,灰狼啃食着水鹿的骨头
fear,秃鹰盘旋死盯着腐肉
fear,草原上两只敌对野牛在远方决斗
fear,在一处被废弃的白蚁丘站着一只饿昏的老斑鸠
surprise,几天都没有喝水也能活
sadness,猎物死了牠比谁都难过
surprise,印地安斑鸠会学人开口
surprise,仙人掌怕羞蜥蝪横着走
surprise,这里什么奇怪的事都有包括像猫的狗
disgust,除非是乌鸦抢了牠的窝
happiness,牠在灌木丛旁邂逅一只令牠心仪的母斑鸠
disgust,巫师他唸唸有词的对酋长下诅咒
disgust,还我骷髅头这故事告诉我印地安的传说还真是瞎透了
sadness,爱像一阵风吹完它就走
sadness,这样的节奏谁都无可奈何
fear,没有你以后我灵魂失控
fear,黑云在降落我被它拖着走
fear,静静悄悄默默离开陷入了危险边缘
fear,我的世界已狂风暴雨
surprise,爱情来的太快就像龙卷风
fear,离不开暴风圈来不及逃
fear,我不能再想我不能再想我不我不我不能
surprise,爱情走的太快就像龙卷风
fear,不能承受我已无处可躲
disgust,我不要再想我不要再想我不我不我不要再想你
sadness,不知不觉你已经离开我
sadness,不知不觉我跟了这节奏
sadness,后知后觉又过了一个秋
like,后知后觉我该好好生活
sadness,迷迷濛濛你给的梦出现裂缝隐隐作痛
anger,怎么沟通你都没空说我不懂说了没用
disgust,他的笑容有何不同在你心中我不再受宠
disgust,我的天空是雨是风还是彩虹你在操纵
sadness,恨自己真的没用情绪激动
sadness,一颗心到现在还在抽痛
sadness,还为分手前那句抱歉在感动
sadness,穿梭时间的画面的钟从反方向开始移动
anger,回到当初爱你的时空停格内容不忠
anger,所有回忆对着我进攻我的伤口被你拆封
fear,誓言太沉重泪被纵容脸上汹涌失控
fear,城市霓虹不安跳动染红夜空
fear,过去种种像一场梦不敢去碰一想就痛
sadness,心碎内容每一秒钟都有不同你不懂
anger,连一句珍重也有苦衷也不想送
sadness,寒风中废墟烟囱停止转动一切落空
disgust,在人海中盲目跟从别人的梦全面放纵
anger,恨没有用疗伤止痛不再感动没有梦
sadness,痛不知轻重泪水鲜红全面放纵
like,古巴比伦王颁布了汉摩拉比法典
like,刻在黑色的玄武岩距今已经三千七百多年
like,你在橱窗前凝视碑文的字眼
happiness,我却在旁静静欣赏你那张我深爱的脸
like,祭司神殿征战弓箭是谁的从前
happiness,喜欢在人潮中你只属於我的那画面
like,经过苏美女神身边我以女神之名许愿
happiness,思念像底格里斯河般的漫延
disgust,当古文明只剩下难解的语言
like,传说就成了永垂不朽的诗篇
happiness,我给你的爱写在西元前深埋在美索不达米亚平原
like,几十个世纪后出土发现泥板上的字迹依然清晰可见
happiness,我给你的爱写在西元前深埋在美索不达米亚平原
like,用楔形文字刻下了永远
like,那已风化千年的誓言一切又重演
disgust,我感到很疲倦离家乡还是很远
fear,害怕再也不能回到你身边
happiness,爱在西元前
happiness,爱在西元前
disgust,我听说通常在战争后就会换来和平
anger,为什么看到我的爸爸一直打我妈妈
anger,就因为喝醉酒他就能拿我妈出气
anger,我真的看不下去
sadness,以为我较细汉从小到大只有妈妈的温暖
fear,为什么我爸爸那么凶
anger,如果真的我有一只翅膀二只翅膀随时出发偷偷出发我一定带我妈走
disgust,从前的教育别人的家庭别人的爸爸种种的暴力因素一定都会有原因
anger,但是呢妈跟我都没有错
anger,亏我叫你一声爸爸我回来了
anger,不要再这样打我妈妈
disgust,我说的话你怎会听
anger,不要再这样打我妈妈
disgust,难道你手不会痛吗
disgust,其实我回家就想要阻止一切
sadness,让家庭回到过去甜甜温馨的欢乐香味
disgust,虽然这是我编造出来的事实有点讽刺有点酸性
disgust,但它确在这快乐社会发生产生共鸣
disgust,产生共鸣来阻止一切暴力
sadness,眼泪随着音符吸入血液情绪
disgust,从小到大你叫我学习你把你当榜样
disgust,好多的假像妈妈常说乖听你爸的话
anger,你叫我怎么跟你像
anger,不要再这样打我妈妈
disgust,我说的话你怎会听
anger,不要再这样打我妈妈
disgust,难道你手不会痛吗
anger,我叫你爸你打我妈
anger,这样对吗干嘛这样何必让酒牵鼻子走瞎
anger,说都说不听听痛是我们在痛
like,说不上为什么我变得很主动
like,若爱上一个人什么都会值得去做
happiness,我想大声宣佈对你依依不舍
like,连隔壁邻居都猜到我现在的感受
like,河边的风在吹着头发飘动
happiness,牵着你的手一阵莫名感动
like,我想带你回我的外婆家
happiness,一起看着日落一直到我们都睡着
happiness,我想就这样牵着你的手不放开
like,爱能不能够永远单纯没有悲哀
happiness,我想带你骑单车我想和你看棒球
like,想这样没担忧唱着歌一直走
happiness,我想就这样牵着你的手不放开
like,爱可不可以简简单单没有伤害
happiness,你靠着我的肩膀你在我胸口睡着
happiness,像这样的生活我爱你你爱
like,我想简简单单爱
like,想简简单单爱
like,才离开没多久就开始担心今天的你过得好不好
happiness,整个画面是你想你想的睡不着
like,嘴嘟嘟那可爱的模样还有在你身上香香的味道
happiness,我的快乐是你想你想的都会笑
fear,没有你在我有多难熬没有你在我有多难熬多烦恼
fear,没有你烦我有多烦恼没有你烦我有多烦恼多难熬
fear,穿过云层我试着努力向你奔跑
sadness,爱才送到你却已在别人怀抱
sadness,就是开不了口让她知道
like,我一定会呵护着你也逗你笑
sadness,你对我有多重要我后悔没让你知道
like,安静的听你撒娇看你睡着一直到老
sadness,就是开不了口让她知道
sadness,就是那么简单几句我办不到
sadness,整颗心悬在半空我只能够远远看着
sadness,这些我都做得到但那个人已经不是我
like,泛黄的春联还残留在墙上
like,依稀可见几个字岁岁平安
like,在我没回去过的老家米缸
like,爷爷用楷书写一个满
like,黄金葛爬满了雕花的门窗
like,夕阳斜斜映在斑驳的砖墙
like,铺着榉木板的屋内还瀰漫姥姥当年酿的豆瓣酱
like,我对着黑白照片开始想像爸和妈当年的模样
like,说着一口吴侬软语的姑娘缓缓走过外滩
like,消失的旧时光一九四三
like,在回忆的路上时间变好慢
sadness,老街坊小弄堂是属於那年代白墙黑瓦的淡淡的忧伤
sadness,消失的旧时光一九四三
sadness,回头看的片段有一些风霜
sadness,老唱盘旧皮箱装满了明信片的铁盒里藏着一片玫瑰花瓣
sadness,广场一枚铜币悲伤的很隐密
sadness,它在许愿池里轻轻叹息
sadness,太多的我爱你让它喘不过气已经失去意义
sadness,戒指在哭泣静静躺在抽屉它所拥有的只剩下回忆
fear,相爱还有别离像无法被安排的雨随时准备来袭
sadness,我怀念起国小的课桌椅
like,纪录哪最原始的美丽
like,纪录第一次遇见的你
disgust,如果我遇见你是一场悲剧我想我这辈子注定一个人演戏
disgust,最后再一个人慢慢的回忆
disgust,没有了过去我将往事抽离
disgust,如果我遇见你是一场悲剧我可以让生命就这样毫无意义
anger,或许再最后能听到你一句轻轻的叹息后悔着对不起
fear,藤蔓植物爬满了伯爵的坟墓
fear,古堡里一片荒芜长满杂草的泥土
like,不会骑扫把的胖女巫用拉丁文念咒语啦啦呜
like,她养的黑猫笑起来像哭啦啦啦呜
like,用水晶球替人占卜
like,她说下午三点阳光射进教堂的角度能知道你前世是狼人还是蝙蝠
disgust,古堡主人威廉二世满脸的落腮鬍习惯在吸完血后开始打呼
like,管家是一只会说法语举止优雅的猪
sadness,吸血前会念约翰福音做为弥补
fear,拥有一只蓝色眼睛的凯萨琳公主专吃有AB血型的公老鼠
fear,恍恍惚惚是谁的脚步
fear,银制茶壶装蟑螂蜘蛛
fear,辛辛苦苦全家怕日出
like,白色蜡烛温暖了空屋
fear,恍恍惚惚是谁的脚步客
fear,厅壁炉零下的温度
fear,辛辛苦苦从不开窗户
fear,小小恐怖吸血鬼家族
like,岩烧店的烟味弥漫隔壁是国术馆
surprise,教拳脚武术的老板练铁沙掌耍杨家枪
surprise,硬底子功夫最擅长还会金钟罩铁步衫
like,他们儿子我习惯从小就耳濡目染
happiness,什么刀枪跟棍棒我都耍的有模有样
like,什么兵器最喜欢双截棍柔中带刚
like,想要去河南嵩山学少林跟武当
like,干什么干什么呼吸吐纳心自在
like,干什么干什么气沉丹田手心开
like,干什么干什么日行千里系沙袋
surprise,飞檐走壁莫奇怪去去就来
surprise,一个马步向前一记左钩拳右钩拳
anger,一句惹毛我的人有危险
like,一再重演一根我不抽的菸一放好多年它一直在身边
like,干什么干什么我打开任督二脉
disgust,干什么干什么东亚病夫的招牌
disgust,干什么干什么已被我一脚踢开
like,快使用双截棍哼哼哈兮
like,快使用双截棍哼哼哈兮
anger,习武之人切记仁者无敌
anger,是谁在练太极风生水起
like,快使用双截棍哼哼哈兮
like,快使用双截棍哼哼哈兮
like,如果我有轻功飞檐走壁
anger,为人耿直不屈一身正气
like,快使用双截棍哼
like,我用手刀防御哼
happiness,漂亮的回旋踢
sadness,只剩下钢琴陪我弹了一天
sadness,睡着的大提琴安静的旧旧的
disgust,我想你已表现的非常明白
disgust,我懂我也知道你没有舍不得
anger,你说你也会难过我不相信
disgust,牵着你陪着我也只是曾经
fear,希望他是真的比我还要爱你
disgust,我才会逼自己离开
anger,你要我说多难堪我根本不想分开
disgust,为什么还要我用微笑来带过
anger,我没有这种天份包容你也接受他
sadness,不用担心的太多我会一直好好过
sadness,你已经远远离开我也会慢慢走开
disgust,为什么我连分开都迁就着你
fear,我真的没有天份安静的没这么快
sadness,我会学着放弃你是因为我太爱你-
disgust,再也没有纯白的灵魂自人类堕落为半兽人
disgust,我开始使用第一人称记录眼前所有的发生
fear,嗜血森林醒来的早晨任何侵略都成为可能
fear,我用古老的咒语重温吟唱灵魂序曲寻根
like,面对魔界的邪吻不被污染的转身
like,维持纯白的象徵然后还原为人
disgust,让我们半兽人的灵魂翻滚收起残忍回忆兽化的过程
disgust,让我们半兽人的眼神单纯而非贪婪着永恆只对暴力忠诚
disgust,让我们半兽人的灵魂翻滚停止忿恨永无止尽的战争
disgust,让我们半兽人的灵魂单纯对远古存在的神用谦卑的身份
fear,泪沸腾风异常的冰冷马蹄声让人睡不安稳
like,我在等灵魂序曲完成带领族人写下祈祷文哼哼哼哈兮
fear,那城镇无谓的在牺牲战火焚祭坛开始下沈
like,我在等觉悟后的族人往南方大地重新开垦
like,走廊灯关上书包放走到房间窗外望
surprise,回想刚买的书一本名叫半岛铁盒
surprise,放在床边堆好多
like,第一页第六页第七页序
fear,我永远都想不到陪我看这书的你会要走
sadness,不再是不再有现在已经看不到
fear,铁盒的钥匙孔透了光看见它锈了好久
fear,好旧好旧外面的灰尘包围了我
fear,好暗好暗铁盒的钥匙我找不到
like,放在糖果旁的是我很想回忆的甜
sadness,然而过滤了你和我沦落而成美
happiness,沉在盒子里的是你给我的快乐
sadness,我很想记得可是我记不得
fear,为什么这样子你拉着我说你有些犹豫
fear,怎么这样子雨还没停你就撑伞要走
sadness,已经习惯不去阻止你
like,过好一阵子你就会回来
fear,印象中的爱情好像顶不住那时间
fear,为什么这样子你看着我说你已经决定
fear,我拉不住你他的手应该比我更暖
sadness,铁盒的序变成了日记变成了空气演化成回忆
sadness,印象中的爱情好像顶不住那时间所以你弃权
like,我想要的想做的你比谁都了
like,你想说的想给的我全都知道
sadness,未接来电没留言一定是你孤单的想念
like,任何人都猜不到这是我们的暗号
disgust,他们猜随便猜不重要
like,连上彼此的讯号才有个依靠
disgust,有太多人太多事夹在我们之间咆哮
disgust,杂讯太多讯号弱就连风吹都要干扰
fear,可是你不想一直走在黑暗地下道
like,想吹风想自由想要一起手牵手去看海绕世界流浪
fear,我害怕你心碎没人帮你擦眼泪
happiness,别管那是非只要我们感觉对
fear,我害怕你心碎没人帮你擦眼泪
disgust,别离开身边
like,拥有你我的世界才能完美
disgust,你说你想逃开松手
disgust,爱太累爱得不自由
sadness,因为我给不起最简单的承诺
fear,你停止收讯号我开始搜寻不到
disgust,到底有谁知道是几点钟方向你才会收到暗号
like,那长城像五千年来待射的梦
like,我用手臂拉开这整个土地的重
disgust,蒙古高原南下的风写些什么内容
anger,汉字到底懂不懂一样肤色和面孔
like,我向西引北风晒成一身古铜
fear,我右拳打开了天化身为龙那大地心脏汹涌不安跳动
like,全世界的表情只剩下一种等待英雄我就是那条龙
like,坐着我的摩托车载你缓缓的离开
disgust,考不上好的学校可以不微笑就走
like,把手慢慢交给我放下心中的困惑
disgust,雨点从两旁划过割开两种精神的我
fear,经过老伯的家篮框变得好高
fear,爬过的那棵树又何时变得渺小
fear,这样也好开始没人注意到你我
fear,等雨变强之前我们将会分化软弱
like,趁时间没发觉让我带着你离开
disgust,没有了证明没有了空虚
like,基于两种立场我会罩着你
like,趁时间没发觉让我带着你离开
disgust,这不是顽固这不是逃避
like,没人绑着你走才快乐-
like,爷爷泡的茶有一种味道叫做家
like,陆羽泡的茶听说名和利都不拿
like,爷爷泡的茶有一种味道叫做家
happiness,爷爷泡的茶口感味觉还不差
happiness,陆羽泡的茶像幅泼墨的山水画
like,山泉在地表蜿蜒
like,从很久很久以前我有一张稚气的脸
like,泉水渗透进矿层岩爷爷栽种的樟木树苗上面
fear,犹记得那年在一个雨天那七岁的我躲在屋檐却一直想去荡秋千
like,爷爷抽着烟说唐朝陆羽写茶经三卷流传了千年
like,那天我翻阅字典查什么字眼形容一件事很遥远
like,天边是否在海角对面
disgust,直到九岁才知道浪费时间
like,这茶桌樟木的横切面年轮有二十三圈
like,镜头的另一边跳接我成熟的脸
disgust,经过这些年爷爷的手茧泡在水里会有茶色蔓延
happiness,爷爷泡的茶有一种味道叫做家没法挑剔它口感味觉还不差
like,陆羽泡的茶听说名和利都不拿他牵着一匹瘦马走天涯
like,爷爷泡的茶有一种味道叫做家他满头白发喝茶时不准说话
like,陆羽泡的茶像幅泼墨的山水画唐朝千年的风沙现在还在刮
like,一盏黄黄旧旧的灯
disgust,时间在旁闷不吭声
sadness,寂寞下手毫无分寸不懂得轻重之分
fear,沉默支撑跃过陌生
like,静静看着凌晨黄昏
fear,你的身影失去平衡慢慢下沉
fear,黑暗已在空中盘旋该往哪我看不见
fear,也许爱在梦的另一端无法存活在真实的空间
sadness,想回到过去试着抱你在怀里
like,羞怯的脸带有一点稚气
happiness,想看你的看的世界想在你梦的画面
happiness,只要靠在一起就能感觉甜蜜
sadness,想回到过去试着让故事继续
fear,至少不再让你离我而去
fear,分散时间的注意这次会抱得更紧
fear,这样挽留不知还来不来得及
sadness,想回到过去
fear,思绪不断阻挡着回忆
disgust,播放盲目的追寻仍然空空荡荡
fear,灰濛濛的夜晚睡意又不知躲到哪去
fear,一转身孤单已躺在身旁
fear,沉默支撑跃过陌生
like,静静看着凌晨黄昏
fear,你的身影失去平衡慢慢下沉
like,想回到过去
like,他就站在街角的旧报摊
like,眼睛盯着隔壁里的橱窗一把吉他远远欣赏
disgust,木炭一箩筐木炭一直放木炭剩一半火炉烫
fear,小铁匠存钱买期望在流汗
like,巴洛克建筑的街道旁一家烟雾缭绕的酒馆
like,波兰的吟唱诗人在弹唱
fear,小铁匠在门外进不去在苦恼他的铜板还太少
like,他真的真的想知道那首来自东欧的民谣和弦到底什么调
fear,米兰的天空刚破晓那马碲铁还要敲多少吉他才能买得到
fear,他真的真的想知道他不知道怎么办才好睡不着
happiness,他将那扑满打破了小小愿望就快实现了他在笑
fear,机枪扫射声中我们寻找遮蔽的战壕
disgust,儿时沙雕的城堡毁坏了重新盖就好
fear,可是你那件染血布满弹孔的军外套却就连祷告手都举不好
disgust,在硝烟中想起冰棒汽水的味道和那些无所事事一整个夏天的年少
sadness,我放下枪回忆去年一起毕业的学校
sadness,而眼泪一直都忘记要掉
anger,嘲笑的声音在风中不断被练习
disgust,这树林间充满了敌意
disgust,部队弃守阵地你坚持要我也离去
fear,我怎么能放弃　
sadness,我留着陪你强忍着泪滴
fear,有些事真的来不及回不去
sadness,你脸在抽搐就快没力气
fear,家乡事不准我再提
sadness,我留着陪你最后的距离是你的侧脸倒在我的怀里
sadness,你慢慢睡去我摇不醒你
sadness,泪水在战壕里决了堤
fear,微凉的晨露沾湿黑礼服石板路有雾父在低诉
disgust,无奈的觉悟只能更残酷
like,一切都为了通往圣堂的路
fear,吹不散的雾隐没了意图谁轻柔踱步停住
fear,还来不及哭穿过的子弹就带走温度
disgust,我们每个人都有罪犯着不同的罪
disgust,我能决定谁对谁又该要沈睡
disgust,争论不能解决在永无止境的夜
anger,关掉你的嘴唯一的恩惠
disgust,挡在前面的人都有罪后悔也无路可退
disgust,以父之名判决那感觉没有适合字汇
disgust,就像边笑边掉泪凝视着完全的黑
fear,阻挡悲剧蔓延的悲剧会让我沈醉
fear,低头亲吻我的左手换取被宽恕的承诺
fear,老旧管风琴在角落一直一直一直伴奏
fear,黑色帘幕被风吹动阳光无言的穿透
disgust,洒向那群被我驯服后的兽
fear,沈默的喊叫沈默的喊叫
fear,孤单开始发酵不停对着我嘲笑回忆逐渐延烧
fear,曾经纯真的画面残忍的温柔出现
disgust,脆弱时间到我们一起来祷告
fear,仁慈的父我已坠入看不见罪的国度请原谅我的自负
sadness,没人能说没人可说好难承受荣耀的背后刻着一道孤独
sadness,闭上双眼我又看见当年那梦的画面天空是蒙蒙的雾
like,父亲牵着我的双手轻轻走过清晨那安安静静的石板路
sadness,那斑驳的家徽我擦拭了一夜
sadness,孤独的光辉我才懂的感觉
fear,烛光不不停的摇晃
fear,猫头鹰在窗棂上对着远方眺望
sadness,通向大厅的长廊一样说不出的沧桑
fear,没有喧嚣只有宁静围绕
sadness,我慢慢睡着天刚刚破晓
disgust,周围的人群堵住了我的出口
disgust,想爬起来我只能说真的好难
disgust,防火巷传来的枪声把我从天堂叫醒
disgust,一名白种人褐色头发在我面前倒下
disgust,从他的手里那半包看到不少我荒唐的影子　
fear,从他的眼球看到发抖的我是那么的丑陋　
disgust,于是检起地上他那第二个钮扣
fear,提醒自己该开始懂事不被软性药物控制　
disgust,在我的眼里懂得拒绝才能存活下来
disgust,活着不是用来演一出糜烂的黑色喜剧
disgust,说不我很后悔当初没有这样的肯定　
like,说不不代表懦夫
fear,真不该睁不开别让我的地球变暗
like,互相残杀的动物真美
fear,被期待被覆盖蜕变的公式我学不来
disgust,我闻不到腐烂的香味
disgust,说不我很后悔当时没有这样的肯定
disgust,说不不代表懦夫你应该很骄傲
disgust,我看不起人们无知的好奇作祟心态去亲近死神
disgust,你了吗很了吗肮脏的香味我吸了太多太多
disgust,腐败的视野我看了太多太多
disgust,瞳孔放大不代表就能看得更多
disgust,难怪大人们说我们永远长不大
fear,那一块在我梦里的干净的天空
fear,那一块在我梦里的干净的天空
fear,是否玩大风吹也许就能看到
fear,是否玩大风吹也许就能看到
fear,真不该睁不开别让我的地球变暗
like,街角的消防栓上的红色油漆反射出儿时天真的嬉戏模样
fear,被期待被覆盖蜕变的公式我学不来
disgust,难道这不是我要的天堂景象沉沦假象你只会感到更加沮丧
like,故事的小黄花从出生那年就飘着
like,童年的荡秋千随记忆一直晃到现在
like,吹着前奏望着天空我想起花瓣试着掉落
sadness,为你翘课的那一天花落的那一天教室的那一间我怎么看不见
sadness,消失的下雨天我好想再淋一遍
like,没想到失去的勇气我还留着
fear,好想再问一遍你会等待还是离开
sadness,刮风这天我试过握着你手
fear,但偏偏雨渐渐大到我看你不见
fear,还要多久我才能在你身边
like,等到放晴的那天也许我会比较好一点
like,从前从前有个人爱你很久
sadness,但偏偏风渐渐把距离吹得好远
like,好不容易又能再多爱一天
sadness,但故事的最后你好像还是说了拜拜
like,眼睛你要擦亮记住我的模样
like,表情不用太紧张我是三年二班
happiness,我专心打球的侧脸还满好看
disgust,黑板是吸收知识的地方只是教室的阳光那颜色我不太喜欢
disgust,没有操场的自然为何比较漂亮的都是在隔壁班
disgust,还有考卷的答案我刚好都不会算
like,没关系再继续努力没关系
disgust,为什么上课时举手很难
disgust,为什么拿线上宝物简单
disgust,为什么女生不喜欢太胖
disgust,为什么别人手机在响
like,正手发长球的打法只是初级乒乓
like,反手短打再狠狠杀球是高级乒乓
disgust,这第一名到底要多强不用问一定有人向你挑战
disgust,到底还要过多少关不用怕告诉他们谁是男子汉
disgust,可不可以不要这个奖不想问我只想要留一点汗
disgust,我当我自己的裁判不想说选择对手跟要打的仗
disgust,我不想就这样一直走每天都遇上充满敌意那种眼光
disgust,等机会就是要打倒对方这种结果我不要这虚荣的骄傲
like,这目的很好笑我其实都知道你只是想炫耀我永远做不到你永远赢不了
like,我永远做不到你永远赢不了永远都赢不了
disgust,走乡下寻找哪有花香
disgust,为什么这么简单你做不到
like,坐车厢朝着南下方向
disgust,为什么这种速度你追不到
like,鸟飞翔穿过这条小巷
disgust,为什么这么简单你做不到
like,仔细想这种生活安详
disgust,为什么这种速度你追不到
disgust,不好笑不好笑不好笑不好笑不好笑不好笑
fear,一盏离愁孤单伫立在窗口
fear,我在门后假装你人还没走
sadness,旧地如重游月圆更寂寞
sadness,夜半清醒的烛火不忍苛责我
fear,一壶漂泊浪迹天涯难入喉
sadness,你走之后酒暖回忆思念瘦
fear,水向东流时间怎么偷
sadness,花开就一次成熟我却错过
like,谁在用琵琶弹奏一曲东风破
like,岁月在墙上剥落看见小时候
like,犹记得那年我们都还很年幼
fear,而如今琴声幽幽我的等候你没听过
like,谁再用琵琶弹奏一曲东风破
sadness,枫叶将故事染色结局我看透
like,篱笆外的古道我牵着你走过
sadness,荒烟漫草的年头就连分手都很沉默
happiness,有谁能比我知道你的温柔像羽毛
happiness,秘密躺在我怀抱只有你能听得到
happiness,还有没有人知道你的微笑像拥抱
happiness,多想藏着你的好只有我看得到
disgust,站在屋顶只对风说不想被左右
disgust,本来讨厌下雨的天空
happiness,直到听见有人说爱我
like,坐在电影院的二楼看人群走过
happiness,怎么那一天的我们都默默的微笑很久
like,我想我是太过依赖在挂电话的刚才
happiness,坚持学单纯的小孩静静看守这份爱
fear,知道不能太依赖怕你会把我宠坏
like,你的香味一直徘徊我舍不得离开
fear,我想我是太过依赖在挂电话的刚才
like,坚持学单纯的小孩我舍不得离开
like,全身纯白色的那雕像石膏颜色干净没有压力的很讨好
disgust,我坐在客厅模仿雕像思考却彷佛听到同样想法的困扰
like,针叶林树梢穿过绿色隧道
like,一股神秘在敲我们都拥有着相同的大脑一样的嗜好
disgust,门上流苏线条在摇晃炫耀但是如果没有风它也办不到
like,我知道共同的默契很重要那骄傲才不会寂寞的很无聊
like,书框的城堡像欧洲情调
happiness,对着这张海报我们在远距离欣赏与微笑
disgust,沉默无法伪造我们同一种调调
disgust,不关心天气预报因为那无关紧要
like,想打球下大雨照跳只收看音乐频道
like,渴望在天空一角做记号那里蓝色最好
disgust,我很了默契无法伪造我们同一种调调
fear,凡事都自己主导决定穿什么外套有专属的铃声讯号
fear,从不跟别人比较只喝过冰过的饮料很少笑吃全麦的面包
disgust,快疯掉情绪偏离轨道快疯掉我睡不着
disgust,快疯掉表情开我玩笑快疯掉我受不了
disgust,这样也好如果身份对调我的烦恼你也会感同身受的知道
disgust,闷闷的很干燥快疯掉快疯掉
disgust,亲爱的总些事没办法教
disgust,表情错的有一点糟
disgust,赖着不走会让人很感冒
like,以上这道理我全都了
fear,我将不该犯的错都默背好
like,仔细观察她的喜好
fear,而我紧绷的外表像上紧后的发条等她的答案揭晓
happiness,她的睫毛弯的嘴角无预警的对我笑
happiness,没有预兆出乎预料竟然先对我示好
happiness,她的睫毛弯的嘴角用眼神对我拍照
happiness,我戒不掉她的微笑洋溢幸福的味道
disgust,有些事没办法教
disgust,表情错的有一点糟
disgust,赖着不走会让人很感冒
like,以上这道理我全都了
disgust,恋爱的方式无法拿笔来抄也没有规则可以取巧
disgust,被动的缘分很不可靠
like,喜欢的对象要自己挑
happiness,她粉嫩清秀的外表像是多汁的水蜜桃
happiness,谁都想咬她嘴上亮丽的唇膏
happiness,有一股自信的骄傲我看得到
happiness,她的睫毛弯的嘴角无预警的对我笑
happiness,没有预兆出乎预料竟然先对我示好
happiness,她的睫毛弯的嘴角用眼神对我拍照
happiness,我戒不掉她的微笑洋溢幸福的味道
disgust,你说我像一个小孩总爱让你猜
anger,我说你才像个小孩总要我说才明白
fear,有些事太快失去了等待
disgust,障碍没了期待我们的爱怎么才自然
disgust,每次沟通不来就要离开就说不要爱
sadness,我掉进爱情悬崖跌太深爬不出来
fear,下降的速度太快来不及踏上未来
fear,你的爱反覆徘徊打乱我的呼吸节拍
fear,该怎么逃开我控制不来
sadness,我掉进爱情悬崖回想起你的可爱
sadness,傻傻的还在等待以为你还会回来
fear,你的脸慢慢离开时间快将我掩埋
fear,消失的太快我负荷不来
like,说到中学时期家乡的一片片梯田是我看过最美的绿地
like,于是也因此让我得了最佳摄影
like,莫名其妙在画面中的我不会写词都像个诗人
like,坐着公车上学的我看着窗外的牛啃草是一种说不出的自由自在
surprise,哦我亲爱的牛儿啊哦跑到哪儿去啦
like,面店旁的小水沟留着我们长大的梦
like,绕过天真跳至收割期
happiness,人们的汗水夹杂着满足与欢喜是我现在最舍不得的画面
disgust,也是我另一项参展作品靠着回忆画成油画拿到奖状有个啥用
anger,鼓励你多去回忆是吧哼我真想撕掉换回自然
disgust,怎么梯田不见多了几家饭店住在里面看西洋片
disgust,几只水牛却变成画挂在墙壁上象徵人们蒸蒸日上
disgust,一堆游客偶尔想看看窗外的观光景点但只看到比你住的再高一层的饭店
sadness,哦我亲爱的牛儿啊哦跑到哪儿去啦
anger,因地制宜综合利用利用对还是不对
anger,自私的人类狼不狼狈破坏自然的生态会不会很累
disgust,你说为了艺术要砍下一棵树酱对还是不对
anger,你说为了装饰请问干我啥事
anger,是不是只能用相机纪录自然拿给下一代下一代回味可怜可悲
sadness,森林绿地都已成纪录片
anger,闻不到绿意盎然只享受到乌烟瘴气我不能教育你们
anger,我不是你们老师我不是校长也不能给你们一巴掌
anger,长篇大论你们并不想听我知道但我没办法我就是要写
anger,你们可能永远不能体会显微镜底下的我们会更现实更自私
disgust,这种艺术真的很难领悟
fear,透过镜头重新剪接历史给人的想像
fear,八厘米纪录片的桥段隔着距离欣赏
anger,正邪对立的两方我握紧拳头开始习惯以牙还牙的手段
fear,风盘旋烟雾弥漫我虔诚点的香在祈祷着平安
disgust,从天台向下俯瞰暴力在原地打转
disgust,上一代解决的答案是微笑不抵抗
sadness,被雨淋湿的的唐装那股叹息很东方
anger,我看不惯尊严受伤家族如此不堪
sadness,风缓缓绕过武馆正上方的月亮那颜色中国黄
fear,透过透过镜头重新剪接历史给人想像
fear,八厘米纪录片的桥段在播放
disgust,隔着距离欣赏正邪对立的两方
anger,我握紧拳头开始习惯那以牙还牙以牙还牙手段恐惧来自退让
anger,双刀的正前方我杀气不转弯
disgust,被对我的力量它自己却受伤
disgust,双刀的右下方我挥刀去了断
disgust,将恩怨全看穿丹凤眼的目光
sadness,怎么隐藏我的悲伤失去你的地方
fear,你的发香散的匆忙我已经跟不上
sadness,闭上眼睛还能看见你离去的痕迹
sadness,在月光下一直找寻那想念的身影
sadness,如果说分手是苦痛的起点
like,那在终点之前我愿意再爱一遍
like,想要对你说的不敢说的爱
fear,会不会有人可以明白
like,我会发着呆然后忘记你接着紧紧闭上眼
sadness,想着那一天会有人代替让我不再想念你
like,我会发着呆然后微微笑接着紧紧闭上眼
like,又想了一遍你温柔的脸在我忘记之前
sadness,心里的眼泪模糊了视线你已快看不见
sadness,断了的弦再怎么连我的感觉你已听不见
sadness,你的转变像断掉的弦再怎么接音都不对
sadness,你的改变我能够分辨
sadness,我沈默你的话也不多
sadness,我们之间少了什么不说哎唷
sadness,微笑后表情终于有点难过
sadness,握着你的手问你确定了再走
like,我突然释怀的笑笑声盘旋半山腰
like,随风在飘摇啊摇来到你的面前绕
sadness,你泪水往下的掉说会记住我的好我也弯起了嘴角笑
fear,你的美已经给了谁追了又追我要不回
fear,我了解离开树的叶属于地上的世界凋谢
sadness,断了的弦再弹一遍我的世界你不在里面
fear,我的指尖已经弹出茧还是无法留你在我身边
sadness,断了的弦再怎么练我的感觉你已听不见
sadness,你的转变像断掉的弦再怎么接音都不对
sadness,你的改变我能够分辨
like,在我地盘这你就得听我的
like,把音乐收割用听觉找快乐
like,开始在雕刻我个人的特色
like,未来难预测坚持当下的选择
like,在我地盘这你就得听我的
like,节奏在招惹我跟街舞亲热
like,我灌溉原则培养一种独特
disgust,观念不及格其他全部是垃圾
anger,用态度扩张地盘到底什么意思
disgust,怎么一回事广场的鸽子
disgust,佔领头版的报纸一种全新的解释标题
like,关于这座城市关于一种学习考试和年轻就该有的本事
disgust,动感地带的交通号志到底离我有几公尺
disgust,我说老师我是不是真的不懂事
like,听我念饶舌歌词欣赏我打拳的样子
like,我站在教室练拳方式你的样子线条一致
like,隔壁的小姑娘公开表演需要勇气
like,别人玩线上游戏我偏耍猴戏
like,我用形意猴拳在练习引你注意
like,如果觉得有趣不要吝啬示个好意
like,青春是干净的纯白像一遍绿地的窗外
like,我将记忆的门打开把所有发生的事
like,记下来那弹钢琴的孩子正用他们的手指弹奏未来的历史
happiness,我用手机传中文字那传输的速度绝对会让你们竖起大姆指
happiness,生活不该有公式我可以随性跳芭蕾舞
like,照节拍手放开静下来像一只天鹅把脚尖掂起来
disgust,讲究速食的这年代也可以很天真的说爱
like,窗外的麻雀在电线桿上多嘴
like,你说这一句很有夏天的感觉
like,手中的铅笔在纸上来来回回
like,我用几行字形容你是我的谁
like,秋刀鱼的滋味猫跟你都想了解
happiness,初恋的香味就这样被我们寻回
like,那温暖的阳光像刚摘的鲜艳草莓
like,你说你舍不得吃掉这一种感觉
happiness,雨下整夜我的爱溢出就像雨水
like,院子落叶跟我的思念厚厚一叠
happiness,几句是非也无法将我的热情冷却
happiness,你出现在我诗的每一页
happiness,雨下整夜我的爱溢出就像雨水
like,窗台蝴蝶像诗里纷飞的美丽章节
happiness,我接着写把永远爱你写进诗的结尾
happiness,你是我唯一想要的了解
happiness,那饱满的稻穗幸福了这个季节
like,而你的脸颊像田里熟透的番茄
like,你突然对我说七里香的名字很美
happiness,我此刻却只想亲吻你倔强的嘴
sadness,翻着我们的照片想念若隐若现
like,去年的冬天我们笑得很甜
sadness,看着你哭泣的脸对着我说再见
sadness,来不及听见你已走得很远
fear,也许你已经放弃我
fear,也许已经很难回头
sadness,我知道是自己错过
sadness,请再给我一个理由说你不爱我
fear,就算是我不懂能不能原谅我
sadness,请不要把分手当作你的请求
sadness,我知道坚持要走是你受伤的借口
like,请你回头我会陪你一直走到最后
sadness,就算没有结果我也能够承受
sadness,我知道你的痛是我给的承诺
sadness,你说给过我纵容沉默是因为包容
sadness,如果要走请你记得我
sadness,如果难过请你忘了我
like,今天是外婆生日我换上复古西装载着外婆开着拉风的古董车兜兜兜风
like,车里放着她的最爱找回属于是她的时代
like,往大稻程码头开去把所有和外公的往事静静回忆
sadness,外婆她脸上的涟漪美丽但藏不住压抑
sadness,失去了爱情只盼望亲情弥补回应
disgust,大人们以为出门之前桌上放六百就算是孝敬
disgust,一天到晚拼了命赚钱少了关怀有什么意义
sadness,外婆她的期待慢慢变成无奈
sadness,大人们始终不明白她要的是陪伴而不是六百块比你给的还简单
sadness,外婆她的无奈无法变成期待只有爱才能够明白
like,走在淡水河畔听着她的最爱把温暖放回口袋
sadness,记得去年外婆的生日表哥带我和外婆参加她最最重视的颁奖典礼结果却拿不到半个奖
disgust,不知道该笑不笑我对着镜头傻笑只觉得自己可笑
sadness,我难过却不是因为没有得奖而难过
sadness,我失落是因为看到外婆失落而失落
disgust,大人们根本不能体会表哥他的用心
anger,好像随他们高兴就可以彻底的否定否定我的作品
disgust,决定在于心情想坚持风格他们他们就觉得很OK
anger,没惊喜没有改变我已经听了三年
anger,我告诉外婆我没输不需要改变
disgust,表哥说不要觉得可惜这只是一场游戏
like,只要外婆觉得好听那才是一种鼓励
happiness,外婆露出了笑容说她以我为荣
happiness,浅浅的笑容就让我感到比得奖它还要光荣
sadness,但终究还是要习惯投降
sadness,想当然尔第六步是你最大的致命伤
like,我按兵不动出于习惯凡事沈默的酝酿
like,当头炮纯粹出于我礼貌的开场
like,屏风马神华内敛才能以柔克刚
like,第二十六着炮五进四只是在试探性衡量
like,三十三招车二平七的出手你恐怕就暗箭难防
disgust,这一场不流血的仗只有自尊会受伤
disgust,成王败寇的规则跟现实没啥两样
fear,我气势如虹将跑马尽用兵临城下想逃都没用
happiness,阳光从树叶细缝露出了笑容温暖了我的美梦
sadness,只有笼里的画眉羡慕着天空却从来没有人懂
sadness,到最后必然是我运筹帷幄你最后放弃抵抗
sadness,我仰望着夕阳你低头黯然离场
sadness,听我说胜败是兵家之常你不用放在心上
like,因为我只适合无双
sadness,久未放晴的天空依旧留着你的笑容
fear,哭过却无法掩埋歉疚
sadness,风筝在阴天搁浅想念还在等待救援
like,我拉着线复习你给的温柔
sadness,暴晒在一旁的寂寞笑我给不起承诺
fear,怎么会怎么会你竟原谅了我
sadness,我只能永远对着对白读着我给你的伤害
fear,我原谅不了我就请你当作我已不在
sadness,我睁开双眼看着空白忘记你对我的期待
sadness,读完了依赖我很快就离开
sadness,我只能永远对着对白读着我给你的伤害
fear,我原谅不了我就请你当作我已不在
sadness,我睁开双眼看着空白忘记你对我的期待
sadness,读完了依赖我很快就离开
fear,我在阴暗中降落世界在雨中淹没
fear,画面与现实交错无法抽离卡在胸口
disgust,躯壳如行屍走肉陷阱漩涡我已受够挣脱逃离这个空洞
anger,如果我冲出黑幕笼罩的天空就别想捆绑我的自由
anger,在狂风之中嘶吼作困兽之斗
anger,我奋力冲破封闭的思绪震开裂缝
fear,燃烧的花朵升空消失在空中
fear,记忆在剥落残留的影响轮廓溃散在薄雾中
like,琥珀色黄昏像糖在很美的远方
happiness,你的脸没有化妆我却疯狂爱上
like,思念跟影子在傍晚一起被拉长
like,我手中那张入场券陪我数羊
like,薄荷色草地芬芳像风没有形状
happiness,我却能够牢记你的气质跟脸庞
happiness,冷空气跟琉璃在清晨很有透明感像我的喜欢被你看穿
happiness,摊位上一朵艳阳我悄悄出现你身旁
happiness,你慌乱的模样我微笑安静欣赏
happiness,我顶着大太阳只想为你撑伞
happiness,你靠在我肩膀深呼吸怕遗忘
like,因为捞鱼的蠢游戏我们开始交谈
happiness,多希望话题不断园游会永不打烊
happiness,汽球在我手上我牵着你瞎晃
like,有话想对你讲你眼睛却装忙
happiness,鸡蛋糕跟你嘴角果酱我都想要尝
happiness,园游会影片在播放这个世界约好一起逛
sadness,我面无表情看孤独的风景
sadness,失去你爱恨开始分明失去你还有什黱事好关心
disgust,当鸽子不再象徵和平我终於被提醒广场上餵食的是秃鹰
sadness,我用漂亮的押韵形容被掠夺一空的爱情
fear,啊乌云开始遮蔽夜色不乾净
fear,公园里葬礼的回音在漫天飞行
fear,送你的白色玫瑰在纯黑的环境凋零
fear,乌鸦在树枝上诡异的很安静
sadness,静静听我黑色的大衣想温暖你日渐冰冷的回忆
fear,走过的走过的生命啊四周弥漫雾气
sadness,我在空旷的墓地老去后还爱你
sadness,为你弹奏萧邦的夜曲纪念我死去的爱情
sadness,跟夜风一样的声音心碎的很好听
sadness,手在键盘敲很轻我给的思念很小心你埋葬的地方叫幽冥
sadness,为你弹奏萧邦的夜曲纪念我死去的爱情
sadness,而我为你隐姓埋名在月光下弹琴
happiness,对你心跳的感应还是如此温热亲近
happiness,怀念你那鲜红的唇印
disgust,那些断翅的蜻蜓散落在这森林而我的眼睛没有丝毫同情
sadness,失去你泪水混浊不清失去你我连笑容都有阴影
fear,风在长满青苔的屋顶嘲笑我的伤心像一口没有水的枯井
fear,我用凄美的字型描绘后悔莫及的那爱情
sadness,狼牙月伊人憔悴
sadness,我举杯饮尽了风雪
sadness,是谁打翻前世柜惹尘埃是非
sadness,缘字诀几番轮回
sadness,妳锁眉哭红颜唤不回
like,纵然青史已经成灰我爱不灭
happiness,繁华如三千东流水我只取一瓢爱了解只恋妳化身的蝶
happiness,妳发如雪凄美了离别
happiness,我焚香感动了谁
like,邀明月让回忆皎洁
happiness,爱在月光下完美
happiness,妳发如雪纷飞了眼泪
sadness,我等待苍老了谁
like,红尘醉微醺的岁月
happiness,我用无悔刻永世爱妳的碑
like,一件黑色毛衣两个人的回忆
sadness,雨过之後更难忘记忘记我还爱你
sadness,你不用在意流泪也只是刚好而已
sadness,我早已经待在谷底
fear,我知道不能再留住你也知道不能没有骨气
like,感激你让我拥有秋天的美丽
sadness,看着那白色的蜻蜓在空中忘了前进
sadness,还能不能重新编织脑海中起毛球的记忆
sadness,再说我爱你可能雨也不会停
sadness,黑色毛衣藏在哪里就让回忆永远停在那里
like,我的生活像拍了一出戏有超多导演跟编剧
disgust,只说了台词一句而他们配了八百个语气操控着我的情绪
anger,那根本不是我的口气想让观众看好戏
anger,最後的目的还不是在促进收视率
fear,我不知道我有没有勇气摘下他们的面具
like,我只知道好像认真的男人最美丽
fear,会不会一直演下去让他们满意
disgust,啦啦啦啦啦啦啦啦啦啦啦啦我不可能再回头
disgust,啦啦啦啦啦啦啦啦啦啦啦我只能一直往前走
disgust,我在回家路上看到路标指着演艺圈如果选择往前走我就必需强壮
fear,走着走着莫名其妙冲出来好几只狗
disgust,我心想我什麽时候认养那麽多只狗
disgust,他们咬着苹果手里拿着长镜头好像要对着我诉说什麽阴谋
anger,会说话的狗他说他是为了狗周刊看能不能拍我多换几根骨头
anger,如果伤害我是你的天性那怜悯是我的座右铭
disgust,需要我照亮你回家的路那我会送你们手电筒
disgust,我告诉他们八卦是会过去的新闻是一时的生活是永久的
disgust,音乐是会留下来的我帮他们写了歌因为我没写过保育动物之类的歌
disgust,我始终还是我谁都改变不了我
fear,虽然我知道很多弓箭手想射下往上爬的我
disgust,当我到了山顶上头谁都伤不了我
disgust,这些弓箭手辛苦了你们提笔的手
disgust,我还是会把你们当朋友因为我知道这是你们大家的工作
disgust,加油咬着苹果的狗
disgust,虽然不是我的对手还是可以成为我的狗
disgust,啦啦啦啦啦啦啦啦啦啦啦啦我不可能再回头
disgust,啦啦啦啦啦啦啦啦啦啦啦我只能一直往前走
happiness,轻轻放我就是卸不下对你的喜欢
like,原来爱会慢慢增加重量
happiness,想关上这城市所有的灯光黑暗中专心闻你的发香
like,这夜晚让暗恋很有画面感
happiness,回想与你约会过的地方有舍不得删在脑海里储存欣赏
like,你微笑浏览手机里的浪漫
happiness,原来真心送出爱是这么简单
happiness,温习银幕上你可爱的模样
like,关于缘分的解释我又多传了一行
happiness,你微笑浏览手机里的浪漫
happiness,原来爱情可以来得这么突然
like,短信的桥梁将暧昧期拉长
happiness,我们的感情蔓延滋长
like,用文字培养在虚拟土壤
like,电视唱吵杂的情歌还在拼命播放
like,我安静在闹区等来电铃响
fear,有一些话打好了却不敢传怕收到信息的你在为难
fear,街道上人潮衬托我的孤单想象谁幸运的陪在你身旁
happiness,却误会一场你也在等你手机响
like,你微笑浏览手机里的浪漫
happiness,原来真心送出爱是这么简单
happiness,温习银幕上你可爱的模样
like,关于缘分的解释我又多传了一行
happiness,你微笑浏览手机里的浪漫
happiness,原来爱情可以来得这么突然
like,短信的桥梁将暧昧期拉长
happiness,我们的感情蔓延滋长
like,用文字培养在虚拟土壤
happiness,这蜿蜒的微笑拥抱山丘
like,溪流跟风唱起歌
like,我像田园诗人般解读眼前的生活
like,麦田弯腰低头在垂钓温柔
like,这整座山谷都是风笛手
like,我在哑口聆听传说跟着童话故事走
like,远方的风车远距离诉说
like,那幸福在深秋满满的被收割
like,老仓库的角落我们数着
happiness,一麻袋的爱跟快乐初恋的颜色
happiness,我牵着你的手经过种麦芽糖的山坡
happiness,香浓的诱惑你脸颊微热吐气在我的耳朵
happiness,摘下麦芽糖熟透我醒来还笑着
happiness,开心的被黏手我满嘴都是糖果
happiness,牵着你的手经过种麦芽糖的山坡
happiness,甜蜜的四周我低头害羞我们愉快的梦游
like,我在草地上喝着麦芽糖酿的酒
like,鲜嫩的小时候我好想再咬一口
sadness,海平面远方开始阴霾悲伤要怎麽平静纯白
sadness,我的脸上始终夹带一抹浅浅的无奈
sadness,你用唇语说你要离开
sadness,那难过无声慢了下来
sadness,汹涌潮水你听明白不是浪而是泪海
sadness,转身离开你有话说不出来
sadness,海鸟跟鱼相爱只是一场意外
sadness,我们的爱差异一直存在
fear,风中尘埃等待竟累积成伤害
sadness,转身离开分手说不出来
sadness,蔚蓝的珊瑚海错过瞬间苍白
sadness,当初彼此不够成熟坦白
sadness,热情不在你的笑容勉强不来
sadness,爱深埋珊瑚海
fear,毁坏的沙雕如何重来有裂痕的爱怎麽重盖
sadness,只是一切结束太快妳说妳无法释怀
sadness,贝壳里隐藏什麽期待我们也已经无心再猜
fear,面向海风咸咸的爱尝不出还有未来
sadness,后视镜里的世界越来越远的道别
like,你转身向北侧脸还是很美
sadness,我用眼光去追竟听见你的泪
sadness,在车窗外面徘徊是我错失的机会
sadness,你站的方位跟我中间隔着泪
sadness,街景一直在后退你的崩溃在窗外零碎
sadness,我一路向北离开有你的季节
sadness,你说你好累已无法再爱上谁
sadness,风在山路吹过往的画面全都是我不对
sadness,细数惭愧我伤你几回
sadness,我一路向北离开有你的季节
sadness,方向盘周围回转着我的后悔
sadness,我加速超越却甩不掉紧紧跟随的伤悲
sadness,细数惭愧我伤你几回
sadness,停止狼狈就让错纯粹
disgust,为什麽别人在那看漫画我却在学画画对着钢琴说话
anger,别人在玩游戏我却靠在墙壁背我的ABC
sadness,我说我要一台大大的飞机但却得到一台旧旧录音机
like,为什麽要听妈妈的话长大後你就会开始懂了这段话
like,长大後我开始明白为什麽我跑得比别人快飞得比别人高
like,将来大家看的都是我画的漫画
like,大家唱的都是我写的歌
like,妈妈的辛苦不让你看见
like,温暖的食谱在她心里面
like,有空就多多握握她的手把手牵着一起梦游
like,听妈妈的话别让她受伤
happiness,想快快长大才能保护她
happiness,美丽的白发幸福中发芽
like,天使的魔法温暖中慈祥
like,在你的未来音乐是你的王牌
like,拿王牌谈个恋爱唉我不想把你教坏
like,还是听妈妈的话吧晚点再恋爱吧
like,我知道你未来的路但妈比我更清楚
disgust,用功读书怎麽会从我嘴巴说出
like,不想你输所以要叫你用功读书
like,妈妈织给你的毛衣你要好好的收着
happiness,因为母亲节到时我要告诉她我还留着
like,对了我会遇到周润发
happiness,所以你可以跟同学炫耀赌神未来是你爸爸
fear,我找不到童年写的情书你写完不要送人
disgust,因为过两天你会在操场上捡到
like,你会开始喜欢上流行歌
like,因为张学友开始准备唱吻别
sadness,屋檐如悬崖风铃如沧海我等燕归来
sadness,时间被安排演一场意外妳悄然走开
sadness,故事在城外浓雾散不开看不清对白
fear,妳听不出来风声不存在是我在感慨
fear,梦醒来是谁在窗台把结局打开
fear,那薄如蝉翼的未来经不起谁来拆
sadness,我送妳离开千里之外妳无声黑白
sadness,沉默年代或许不该太遥远的相爱
sadness,我送妳离开天涯之外妳是否还在
sadness,琴声何来生死难猜用一生去等待
sadness,闻泪声入林寻梨花白只得一行青苔
sadness,天在山之外雨落花台我两鬓斑白
sadness,闻泪声入林寻梨花白只得一行青苔
like,天在山之外雨落花台我等妳来
like,一身琉璃白透明着尘埃妳无瑕的爱
sadness,妳从雨中来诗化了悲哀我淋湿现在
sadness,芙蓉水面采船行影犹在妳却不回来
sadness,被岁月覆盖妳说的花开过去成空白
fear,梦醒来是谁在窗台把结局打开
fear,那薄如蝉翼的未来经不起谁来拆
sadness,我送妳离开千里之外妳无声黑白
sadness,沉默年代或许不该太遥远的相爱
sadness,我送妳离开天涯之外妳是否还在
sadness,琴声何来生死难猜用一生去等待
sadness,天空灰得像哭过离开妳以後并没有更自由
sadness,酸酸的空气嗅出我们的距离
sadness,一幕锥心的结局像呼吸般无法停息
sadness,抽屉泛黄的日记榨乾了回忆那笑容是夏季
sadness,妳我的过去被顺时针的忘记
sadness,缺氧过後的爱情粗心的眼泪是多馀
sadness,我知道妳我都没有错只是忘了怎麽退後
sadness,信誓旦旦给了承诺却被时间扑了空
sadness,我知道我们都没有错只是放手会比较好过
sadness,最美的爱情回忆里待续
like,橡树的绿叶啊白色的竹篱芭
like,好想告诉我的她这里像幅画
like,去年的圣诞卡镜子里的胡渣
sadness,画面开始没有她我还在装傻
like,说好为我泡花茶学习摆刀叉
fear,学生宿舍空荡荡的家
sadness,守着电话却等不到她
sadness,心里的雨倾盆而下也沾不湿她的发
sadness,泪晕开明信片上的牵挂那伤心原来没有时差
sadness,心里的雨倾盆而下却始终淋不到她
sadness,寒风经过院子里的枝桠也冷却了我手中的鲜花
like,白色的风车安静的转着
like,真实的感觉梦境般遥远
like,甜甜的海水复杂的眼泪
happiness,看妳傻笑着握住我的手
happiness,梦希望没有尽头我们走到这就好
happiness,因为我不想太快走完这幸福
like,很可惜没有祝福当爱妳并不孤独不会再让妳哭
happiness,我背妳走到最後能不能不要回头
happiness,妳紧紧的抱住我说妳不需要承诺
sadness,妳说我若一个人会比较自由
like,我不懂妳说什麽反正不会松手
happiness,我背妳走到最後能不能别想太多
like,会不会手牵着手晚一点才到尽头
like,妳说不该再相见只为了瞬间
like,谢谢妳让我听见因为我在等待永远
happiness,你的嘴角微微上翘性感的无可救药
happiness,想像不到如此心跳你的一切都想要
like,软性的饮料上升的气泡我将对你的喜好一瓶装全喝掉
like,这里最不缺就是热闹你煽情给拥抱
like,烛火在燃烧有某种情调眼神失焦了几秒关於你的舞蹈
like,你慵懒的扭动着腰受不了
happiness,你随风飘扬的笑有迷迭香的味道
happiness,语带薄荷味的撒娇对我发出恋爱的讯号
like,你优雅地像一只猫动作轻盈地围绕
happiness,爱的甜味蔓延发酵暧昧来的刚好
happiness,你的嘴角微微上翘性感的无可救药
happiness,想像不到如此心跳你的一切都想要
like,你的唇膏鲜艳讨好一股自信的骄傲
happiness,什麽预兆气氛微妙因为爱你我知道
happiness,预兆气氛微妙因为爱你我知道
sadness,你的泪光柔弱中带伤
sadness,惨白的月儿弯弯固住过往
fear,夜太漫长凝结成了霜
sadness,是谁在阁楼上冰冷地绝望
sadness,雨轻轻叹朱红色的窗
sadness,我一生在纸上被风吹乱
sadness,梦在远方化成一缕香
like,随风飘散你的模样
sadness,菊花残满地伤你的笑容已泛黄
sadness,花落人断肠我心事静静躺
sadness,北风乱夜未央你的影子剪不断
sadness,独留我孤单在湖面成双
sadness,花已向晚飘落了灿烂
sadness,凋谢的世道上命运不堪
sadness,愁莫渡江秋心拆两半
fear,怕妳上不了岸一辈子摇晃
fear,谁的江山马蹄声狂乱
like,我一身的戎装呼啸沧桑
sadness,天微微亮你轻声的叹一夜惆怅如此委婉
sadness,想笑来伪装掉下的眼泪
fear,点点头承认自己会怕黑
sadness,我只求能借一点的时间来陪你却连同情都不给
sadness,想哭来试探自己麻痹了没
disgust,全世界好像只有我疲惫
disgust,无所谓反正难过就敷衍走一回
disgust,但愿绝望和无奈远走高飞
sadness,天灰灰会不会让我忘了你是谁
sadness,夜越黑梦违背难追难回味
fear,我的世界将被摧毁也许事与愿违
fear,累不累睡不睡单影无人相依偎
sadness,夜越黑梦违背有谁肯安慰
fear,我的世界将被摧毁也许颓废也是另一种美
like,旌旗如虹山堆叠如峰这军队蜿蜒如龙
anger,杀气如风血色如酒红
anger,将军我傲气如冲神色悍如凶
anger,黄金甲如忠铁骑剽悍我行如轰轰
fear,景色如冬萧瑟如枫攻势如弓魂断犹如梦中
fear,一静一动如松千年不变如空如空如空
anger,血染盔甲我挥泪杀满城菊花谁的天下
anger,宫廷之上狼烟风沙生死不过一刀的疤
sadness,情感漂泊漂泊漂泊一世如我
仇恨绵延如火愁人眉头如锁
anger,今生繁华如昨兵戎相见如破
anger,千军万马万马万马奔腾那骨肉相残如错
sadness,陈年战事如酒成败转眼如秋
sadness,遍地烽火烽火烽火回忆如锈
sadness,那烽火回忆如锈吼吼吼吼
anger,那杀戮过重如否吼吼吼吼
anger,那烽火回忆如锈吼吼吼吼
sadness,皇室血脉如断流
anger,血染盔甲我挥泪杀横刀立马看谁倒下
sadness,爱恨对话历史留下谁在乱箭之中潇洒
sadness,冷咖啡离开了杯垫
sadness,我忍住的情绪在很後面
sadness,拼命想挽回的从前在我脸上依旧清晰可见
sadness,最美的不是下雨天是曾与妳躲过雨的屋檐
sadness,回忆的画面在荡着秋千梦开始不甜
sadness,妳说把爱渐渐放下会走更远
disgust,又何必去改变已错过的时间
sadness,妳用妳的指尖阻止我说再见
sadness,想像妳在身边在完全失去之前
sadness,妳说把爱渐渐放下会走更远
sadness,或许命运的签只让我们遇见
sadness,只让我们相恋这一季的秋天
sadness,飘落後才发现这幸福的碎片要我怎麽捡
ke,呜啦啦啦火车笛随着奔腾的马蹄
happiness,小妹妹吹着口琴夕阳下美了剪影
like,我用子弹写日记介绍完了风景接下来换介绍我自己
like,我虽然是个牛仔在酒吧只点牛奶
disgust,为什么不喝啤酒因为啤酒伤身体
disgust,很多人不长眼睛嚣张都靠武器赤手空拳就缩成蚂蚁
disgust,不用麻烦了不用麻烦了不用麻烦不用麻烦了
disgust,不用麻烦了你们一起上我在赶时间
disgust,每天决斗观众都累了英雄也累了
disgust,不用麻烦了不用麻烦了副歌不长你们有几个一起上好了
like,正义呼唤我美女需要我牛仔很忙的
like,啦啦啦骑毛驴因为马跨不上去
happiness,洗澡都洗泡泡浴因为可以玩玩具
happiness,我有颗善良的心都只穿假牛皮喔跌倒时尽量不压草皮
like,枪口它没长眼睛我曾经答应上帝除非是万不得已我尽量射橡皮筋
like,老板先来杯奶昔要逃命前请你顺便喂喂我那只小毛驴
