like,想要有直升机想要和妳飞到宇宙去
like,想要和妳融化在一起融化在银河里
like,我每天每天每天在想想想想着妳
like,这样的甜蜜让我开始相信命运
like,感谢地心引力让我碰到妳
like,漂亮的让我面红的可爱女人
like,温柔的让我心疼的可爱女人
like,透明的让我感动的可爱女人
like,坏坏的让我疯狂的可爱女人
like,漂亮的让我面红的可爱女人
like,温柔的让我心疼的可爱女人
like,透明的让我感动的可爱女人
like,坏坏的让我疯狂的可爱女人
like,想要有直升机想要和妳飞到宇宙去
like,想要和妳融化在一起融化在银河里
like,我每天每天每天在想想想想着妳
like,这样的甜蜜让我开始相信命运
like,感谢地心引力让我碰到妳
like,漂亮的让我面红的可爱女人
like,温柔的让我心疼的可爱女人
like,透明的让我感动的可爱女人
like,坏坏的让我疯狂的可爱女人
like,漂亮的让我面红的可爱女人
like,温柔的让我心疼的可爱女人
like,透明的让我感动的可爱女人
like,坏坏的让我疯狂的可爱女人
sadness,世界这样大而我而我只是只小小小的蚂蚁
like,但我要尽全力全力全力保护妳
like,漂亮的让我面红的可爱女人
like,温柔的让我心疼的可爱女人
like,透明的让我感动的可爱女人
like,坏坏的让我疯狂的可爱女人
like,漂亮的让我面红的可爱女人
like,温柔的让我心疼的可爱女人
like,透明的让我感动的可爱女人
like,坏坏的让我疯狂的可爱女人
like,漂亮的让我面红的可爱女人
like,温柔的让我心疼的可爱女人
like,透明的让我感动的
sadness,如果说怀疑可以造句如果说分离能够翻译
like,如果这一切真的可以我想要将我的寂寞封闭
like,然後在这里不限日期然後将过去慢慢温习
disgust,让我爱上妳那场悲剧是妳完美演出的一场戏
like,宁愿心碎哭泣再狠狠忘记妳爱过我的证据
like,让晶莹的泪滴闪烁成回忆伤人的美丽
disgust,妳的完美主义太彻底让我连恨都难以下笔
like,将真心抽离写成日记像是一场默剧
sadness,妳的完美主义太彻底分手的话像语言暴力
like,我已无能为力再提起决定中断熟悉
like,然後在这里不限日期然後将过去慢慢温习
disgust,让我爱上妳那场悲剧是妳完美演出的一场戏
like,宁愿心碎哭泣再狠狠忘记妳爱过我的证据
like,让晶莹的泪滴闪烁成回忆伤人的美丽
disgust,妳的完美主义太彻底让我连恨都难以下笔
like,将真心抽离写成日记像是一场默剧
sadness,妳的完美主义太彻底分手的话像语言暴力
like,我已无能为力再提起决定中断熟悉
disgust,乘着风游荡在蓝天边
like,一片云掉落在我面前捏成你的形状
like,随风跟着我一口一口吃掉忧愁
like,载着你彷佛载着阳光不管到哪里都是晴天
disgust,蝴蝶自在飞花也布满天一朵一朵因你而香
like,试图让夕阳飞翔带领你我环绕大自然
sadness,迎着风开始共渡每一天
like,手牵手一步两步三步四步望着天
like,看星星一颗两颗三颗四颗连成线
like,背对背默默许下心愿
like,看远方的星是否听的见
like,手牵手一步两步三步四步望着天
like,看星星一颗两颗三颗四颗连成线
like,背对背默默许下心愿
disgust,看远方的星如果听的见它一定实现
like,载着你彷佛载着阳光不管到哪里都是晴天
disgust,蝴蝶自在飞花也布满天一朵一朵因你而香
like,试图让夕阳飞翔带领你我环绕大自然
sadness,迎着风开始共渡每一天
like,手牵手一步两步三步四步望着天
like,看星星一颗两颗三颗四颗连成线
like,背对背默默许下心愿
like,看远方的星是否听的见
like,手牵手一步两步三步四步望着天
like,看星星一颗两颗三颗四颗连成线
like,背对背默默许下心愿
disgust,看远方的星如果听的见它一定实现
sadness,娘子娘子娘子却依旧每日折一枝杨柳
sadness,妳在那里在小村外的溪边河口默默等着我
like,娘子依旧每日折一枝杨柳妳在那里
like,在小村外的溪边默默等着娘子
like,一壶好酒再来一碗热粥配上几斤的牛肉
disgust,我说店小二三两银够不够
like,景色入秋漫天黄沙掠过
like,塞北的客栈人多牧草有没有我马儿有些瘦
like,世事看透江湖上潮起潮落
sadness,什麽恩怨过错在多年以後还是让人难过
disgust,心伤透娘子她人在江南等我泪不休语沉默
anger,娘子却依旧每日折一枝杨柳在小村外的溪边河口默默的在等着我
sadness,家乡的爹娘早已苍老了轮廓娘子我欠妳太多
like,一壶好酒再来一碗热粥配上几斤的牛肉
disgust,我说店小二三两银够不够
like,景色入秋漫天黄沙掠过
like,塞北的客栈人多牧草有没有我马儿有些瘦
disgust,天涯尽头满脸风霜落寞
disgust,近乡情怯的我相思寄红豆相思寄红豆无能为力的在人海中漂泊
disgust,心伤透娘子她人在江南等我泪不休语沉默
like,一壶好酒再来一碗热粥配上几斤的牛肉
disgust,我说店小二三两银够不够
like,景色入秋漫天黄沙掠过
like,塞北的客栈人多牧草有没有我马儿有些瘦
like,世事看透江湖上潮起潮落
sadness,什麽恩怨过错在多年以後还是让人难过
disgust,心伤透娘子她人在江南等我泪不休语沉默
anger,娘子却依旧每日折一枝杨柳在小村外的溪边河口默默的在等着我
sadness,家乡的爹娘早已苍老了轮廓娘子我欠妳太多
like,一壶好酒再来一碗热粥配上几斤的牛肉
disgust,我说店小二三两银够不够
like,景色入秋漫天黄沙掠过
like,塞北的客栈人多牧草有没有我马儿有些瘦
disgust,天涯尽头满脸风霜落寞
disgust,近乡情怯的我相思寄红豆相思寄红豆无能为力的在人海中漂泊
disgust,心伤透娘子她人在江南等我泪不休语沉默
like,娘子娘子却依旧每日折一枝杨柳
sadness,妳在那里在小村外的溪边河口默默等着我
like,娘子依旧每日折一枝杨柳妳在那里
like,在小村外的溪边默默等着娘子
like,娘子却依旧每日折一枝杨柳
sadness,妳在那里在小村外的溪边河口默默等着我
like,娘子依旧每日折一枝杨柳妳在那里
like,在小村外的溪边默默等着娘子
like,有什麽不妥有话就直说别窝在角落
like,不爽就反驳到底跩什麽懂不懂篮球
like,有种不要走三对三斗牛
like,有什麽不妥有话就直说别窝在角落
like,不爽就反驳到底跩什麽懂不懂篮球
like,有种不要走三对三斗牛
happiness,三分球它在空中停留所有人看着我抛物线进球
disgust,单手过人运球篮下妙传出手漂亮的假动作帅呆了我
disgust,全场盯人防守篮下禁区游走快攻抢篮板球得分都靠我
anger,你拿了球不投又不会掩护我像你这种队友瞎透了我
disgust,说你说分数怎麽停留一直在停留谁让它停留的
disgust,为什麽我女朋友场外加油你却还让我出糗
like,你说啊你怎麽抄我球
like,你说啊你怎麽打我手
disgust,你说是不是你不想活
like,说你怎麽面对我甩开球
disgust,我满腔的怒火我想揍你已经很久别想走
like,说你眼睛看着我别发抖
sadness,你给我抬起头有话去对医药箱说别怪我
like,说你怎麽面对我甩开球
disgust,我满腔的怒火我想揍你已经很久别想走
like,说你眼睛看着我别发抖
sadness,你给我抬起头有话去对医药箱说别怪我
happiness,三分球它在空中停留所有人看着我抛物线进球
disgust,单手过人运球篮下妙传出手漂亮的假动作帅呆了我
disgust,全场盯人防守篮下禁区游走快攻抢篮板球得分都靠我
anger,你拿了球不投又不会掩护我像你这种队友瞎透了我
disgust,说你说分数怎麽停留一直在停留谁让它停留的
disgust,为什麽我女朋友场外加油你却还让我出糗
like,你说啊你怎麽抄我球
like,你说啊你怎麽打我手
disgust,你说是不是你不想活
like,说你怎麽面对我甩开球
disgust,我满腔的怒火我想揍你已经很久别想走
like,说你眼睛看着我别发抖
sadness,你给我抬起头有话去对医药箱说别怪我
like,说你怎麽面对我甩开球
disgust,我满腔的怒火我想揍你已经很久别想走
like,说你眼睛看着我别发抖
sadness,你给我抬起头有话去对医药箱说别怪我
like,说你怎麽面对我甩开球
disgust,我满腔的怒火我想揍你已经很久别想走
like,说你眼睛看着我别发抖
sadness,你给我抬起头有话去对医药箱说别怪我
disgust,难过是因为闷了很久是因为想了太多是心理起了作用
like,你说苦笑常常陪着你
like,在一起有点勉强该不该现在休了我
sadness,不想太多我想一定是我听错弄错搞错
disgust,拜托我想是你的脑袋有问题
happiness,随便说说其实我早己经猜透看透不想多说
like,只是我怕眼泪撑不住
like,不懂你的黑色幽默
disgust,想通却又再考倒我
sadness,说散你想很久了吧
like,我不想拆穿你
like,当作是你开的玩笑
disgust,想通却又再考倒我
sadness,说散你想很久了吧
like,败给你的黑色幽默
sadness,不想太多我想一定是我听错弄错搞错
disgust,拜托我想是你的脑袋有问题
disgust,随便说己经猜透看透不想多说只是我怕眼泪撑不住
like,不懂你的黑色幽默
disgust,想通却又再考倒我
sadness,说散你想很久了吧
like,我不想拆穿你
like,当作是你开的玩笑
disgust,想通却又再考倒我
sadness,说散你想很久了吧
like,败给你的黑色幽默
sadness,说散你想很久了吧
like,我的认真败给黑色幽默
disgust,走过了很多地方我来到伊斯坦堡就像是童话故事有教堂有城堡
sadness,每天忙碌地寻找到底什麽我想要却发现迷了路怎麽找也找不着
disgust,心血来潮起个大早怎麽我也睡不着昨晚梦里你来找我才
disgust,原来我只想要你陪我去吃汉堡
like,说穿了其实我的愿望就这麽小
happiness,就这麽每天祈祷我的心跳你知道
happiness,杵在伊斯坦堡却只想你和汉堡
happiness,我想要你的微笑每天都能看到
happiness,我知道这里很美但家乡的你更美
disgust,走过了很多地方我来到伊斯坦堡就像是童话故事有教堂有城堡
sadness,每天忙碌地寻找到底什麽我想要却发现迷了路怎麽找也找不着
disgust,心血来潮起个大早怎麽我也睡不着昨晚梦里你来找我才
disgust,原来我只想要你陪我去吃汉堡
like,说穿了其实我的愿望就这麽小
happiness,就这麽每天祈祷我的心跳你知道
happiness,杵在伊斯坦堡却只想你和汉堡
happiness,我想要你的微笑每天都能看到
happiness,我知道这里很美但家乡的你更美
disgust,原来我只想要你陪我去吃汉堡
like,说穿了其实我的愿望就这麽小
happiness,就这麽每天祈祷我的心跳你知道
happiness,杵在伊斯坦堡却只想你和汉堡
happiness,我想要你的微笑每天都能看到
happiness,我知道这里很美但家乡的你更美
sadness,沙漠之中怎麽会有泥鳅话说完飞过一只海鸥
like,大峡谷的风呼啸而过是谁说没有
anger,有一条热昏头的响尾蛇无力的躺在乾枯的河在等待雨季来临变沼泽
like,灰狼啃食着水鹿的骨头
like,秃鹰盘旋死盯着腐肉
like,草原上两只敌对野牛在远方决斗
anger,在一处被废弃的白蚁丘站着一只饿昏的老斑鸠
happiness,印地安老斑鸠腿短毛不多几天都没有喝水也能活
disgust,脑袋瓜有一点秀逗猎物死了它比谁都难过
like,印地安斑鸠会学人开口
like,仙人掌怕羞蜥蝪横着走
anger,这里什麽奇怪的事都有包括像猫的狗
like,印地安老斑鸠平常话不多除非是乌鸦抢了它的窝
disgust,它在灌木丛旁邂逅一只令它心仪的母斑鸠
disgust,牛仔红蕃在小镇背对背决斗
like,一只灰狼问候我谁是神枪手
disgust,巫师他念念有词的对酋长下诅咒还我骷髅头
disgust,这故事告诉我印地安的传说还真是瞎透了什麽都有
sadness,沙漠之中怎麽会有泥鳅话说完飞过一只海鸥
like,大峡谷的风呼啸而过是谁说没有
anger,有一条热昏头的响尾蛇无力的躺在乾枯的河在等待雨季来临变沼泽
like,灰狼啃食着水鹿的骨头
like,秃鹰盘旋死盯着腐肉
like,草原上两只敌对野牛在远方决斗
anger,在一处被废弃的白蚁丘站着一只饿昏的老斑鸠
happiness,印地安老斑鸠腿短毛不多几天都没有喝水也能活
disgust,脑袋瓜有一点秀逗猎物死了它比谁都难过
like,印地安斑鸠会学人开口
like,仙人掌怕羞蜥蝪横着走
anger,这里什麽奇怪的事都有包括像猫的狗
like,印地安老斑鸠平常话不多除非是乌鸦抢了它的窝
disgust,它在灌木丛旁邂逅一只令它心仪的母斑鸠
happiness,印地安老斑鸠腿短毛不多几天都没有喝水也能活
disgust,脑袋瓜有一点秀逗猎物死了它比谁都难过
like,印地安斑鸠会学人开口
like,仙人掌怕羞蜥蝪横着走
anger,这里什麽奇怪的事都有包括像猫的狗
like,印地安老斑鸠平常话不多除非是乌鸦抢了它的窝
disgust,它在灌木丛旁邂逅一只令它心仪的母斑鸠
like,爱像一阵风吹完它就走这样的节奏谁都无可奈何
disgust,没有妳以後我灵魂失控黑云在降落我被它拖着走
like,静静悄悄默默离开陷入了危险边缘
like,我的世界已狂风暴雨
disgust,爱情来的太快就像龙卷风
like,离不开暴风圈来不及逃
disgust,我不能再想我不能再想我不我不我不能
disgust,爱情走的太快就像龙卷风
like,不能承受我已无处可躲
anger,我不要再想我不要再想我不我不我不要再想你
like,不知不觉你已经离开我
disgust,不知不觉我跟了这节奏
like,後知後觉又过了一个秋
disgust,後知後觉我该好好生活
like,静静悄悄默默离开陷入了危险边缘
like,我的世界已狂风暴雨
disgust,爱情来的太快就像龙卷风
like,离不开暴风圈来不及逃
disgust,我不能再想我不能再想我不我不我不能
disgust,爱情走的太快就像龙卷风
like,不能承受我已无处可躲
anger,我不要再想我不要再想我不我不我不要再想你
disgust,爱情来的太快就像龙卷风
like,离不开暴风圈来不及逃
disgust,我不能再想我不能再想我不我不我不能
disgust,爱情走的太快就像龙卷风
like,不能承受我已无处可躲
anger,我不要再想我不要再想我不我不我不要再想你
like,不知不觉你已经离开我
disgust,不知不觉我跟了这节奏
like,後知後觉又过了一个秋
disgust,後知後觉我该好好生活
like,不知不觉你已经离开我
disgust,不知不觉我跟了这节奏
like,後知後觉又过了一个秋
disgust,後知後觉我该好好生活
like,不知不觉你已经离开我
disgust,不知不觉我跟了这节奏
like,後知後觉後知後觉
like,迷迷蒙蒙你给的梦出现裂缝隐隐作痛
sadness,怎麽沟通你都没空说我不懂说了没用
disgust,他的笑容有何不同在你心中我不再受宠
disgust,我的天空是雨是风还是彩虹你在操纵
like,恨自己真的没用情绪激动
like,一颗心到现在还在抽痛还为分手前那句抱歉在感动
like,穿梭时间的画面的钟从反方向开始移动
sadness,回到当初爱你的时空停格内容不忠
disgust,所有回忆对着我进攻我的伤口被你拆封
like,誓言太沉重泪被纵容脸上汹涌失控
like,城市霓虹不安跳动染红夜空
like,过去种种像一场梦不敢去碰一想就痛
like,心碎内容每一秒钟都有不同你不懂
disgust,连一句珍重也有苦衷也不想送
like,寒风中废墟烟囱停止转动一切落空
disgust,在人海中盲目跟从别人的梦全面放纵
disgust,恨没有用疗伤止痛不再感动没有梦
like,痛不知轻重泪水鲜红全面放纵
disgust,恨自己真的没用情绪激动一颗心到现在还在抽痛
like,还为分手前那句抱歉在感动
like,穿梭时间的画面的钟从反方向开始移动
sadness,回到当初爱你的时空停格内容不忠
disgust,所有回忆对着我进攻我的伤口被你拆封
like,誓言太沉重泪被纵容脸上汹涌失控
like,穿梭时间的画面的钟从反方向开始移动
sadness,回到当初爱你的时空停格内容不忠
sadness,所有回忆对着我
disgust,古巴比伦王颁布了汉摩拉比法典
happiness,刻在黑色的玄武岩距今已经三千七百多年
like,妳在橱窗前凝视碑文的字眼
sadness,我却在旁静静欣赏妳那张我深爱的脸
like,祭司神殿征战弓箭是谁的从前
disgust,喜欢在人潮中妳只属於我的那画面
happiness,经过苏美女神身边我以女神之名许愿
like,思念像底格里斯河般的漫延
happiness,当古文明只剩下难解的语言传说就成了永垂不朽的诗篇
disgust,我给妳的爱写在西元前深埋在美索不达米亚平原
disgust,几十个世纪後出土发现泥板上的字迹依然清晰可见
disgust,我给妳的爱写在西元前深埋在美索不达米亚平原
disgust,用楔形文字刻下了永远那已风化千年的誓言一切又重演
like,祭司神殿征战弓箭是谁的从前
disgust,喜欢在人潮中妳只属於我的那画面
happiness,经过苏美女神身边我以女神之名许愿
like,思念像底格里斯河般的漫延
happiness,当古文明只剩下难解的语言传说就成了永垂不朽的诗篇
disgust,我给妳的爱写在西元前深埋在美索不达米亚平原
disgust,几十个世纪後出土发现泥板上的字迹依然清晰可见
disgust,我给妳的爱写在西元前深埋在美索不达米亚平原
disgust,用楔形文字刻下了永远那已风化千年的誓言一切又重演
anger,我感到很疲倦离家乡还是很远害怕再也不能回到你身边
disgust,我给妳的爱写在西元前深埋在美索不达米亚平原
disgust,几十个世纪後出土发现泥板上的字迹依然清晰可见
disgust,我给妳的爱写在西元前深埋在美索不达米亚平原
disgust,用楔形文字刻下了永远那已风化千年的誓言一切又重演
anger,爱在西元前
anger,爱在西元前
sadness,我听说通常在战争後就会换来和平
happiness,为什麽看到我的爸爸一直打我妈妈
like,就因为喝醉酒他就能拿我妈出气
disgust,我真的看不下去以为我较细汉
disgust,从小到大只有妈妈的温暖为什麽我爸爸那麽凶
sadness,如果真的我有一双翅膀二双翅膀
sadness,随时出发偷偷出发我一定带我妈走
happiness,从前的教育别人的家庭别人的爸爸
disgust,种种的暴力因素一定都会有原因
like,但是呢妈跟我都没有错亏我叫你一声爸爸我回来了
like,不要再这样打我妈妈
like,我说的话你甘会听
like,不要再这样打我妈妈
disgust,难道你手不会痛吗
disgust,其实我回家就想要阻止一切让家庭回到过去甜甜温馨的欢乐香味
disgust,虽然这是我编造出来的事实有点讽刺有点酸性
like,但它确在这快乐社会发生产生共鸣
happiness,产生共鸣来阻止一切暴力眼泪随着音符吸入血液情绪
sadness,从小到大你叫我学习你把你当榜样
anger,好多的假像妈妈常说乖听你爸的话你叫我怎麽跟你像
like,不要再这样打我妈妈
like,我说的话你甘会听
like,不要再这样打我妈妈
disgust,难道你手不会痛吗
like,不要再这样打我妈妈
like,不要再这样打我妈妈
disgust,难道你手不会痛吗
disgust,难道你手不会痛吗
disgust,我叫你爸你打我妈这样对吗
disgust,干嘛这样何必让酒牵鼻子走
like,说都说不听听痛是我们在痛痛
like,不要再这样打我妈妈
like,说不上为什麽我变得很主动
sadness,若爱上一个人什麽都会值得去做
disgust,我想大声宣布对妳依依不舍连隔壁邻居都猜到我现在的感受
like,河边的风在吹着头发飘动
like,牵着妳的手一阵莫名感动
like,我想带妳回我的外婆家一起看着日落一直到我们都睡着
like,我想就这样牵着妳的手不放开
disgust,爱能不能够永远单纯没有悲哀
disgust,我想带妳骑单车我想和妳看棒球
like,想这样没担忧唱着歌一直走
like,我想就这样牵着妳的手不放开
like,爱可不可以简简单单没有伤害
like,妳靠着我的肩膀妳在我胸口睡着
sadness,像这样的生活我爱妳妳爱我
happiness,想简简单单爱
happiness,想简简单单爱
disgust,我想大声宣布对妳依依不舍连隔壁邻居都猜到我现在的感受
like,河边的风在吹着头发飘动
like,牵着妳的手一阵莫名感动
like,我想带妳回我的外婆家一起看着日落一直到我们都睡着
like,我想就这样牵着妳的手不放开
disgust,爱能不能够永远单纯没有悲哀
disgust,我想带妳骑单车我想和妳看棒球
like,想这样没担忧唱着歌一直走
like,我想就这样牵着妳的手不放开
like,爱可不可以简简单单没有伤害
like,妳靠着我的肩膀妳在我胸口睡着
sadness,像这样的生活我爱妳妳爱我
happiness,想简简单单爱
happiness,想简简单单爱
like,我想就这样牵着妳的手不放开
disgust,爱能不能够永远单纯没有悲哀
disgust,我想带妳骑单车我想和妳看棒球
like,想这样没担忧唱着歌一直走
like,我想就这样牵着妳的手不放开
like,爱可不可以简简单单没有伤害
like,妳靠着我的肩膀妳在我胸口睡着
sadness,像这样的生活我爱妳妳爱我
sadness,居酒屋里的小神龛离铺满鹅卵石的玄关
disgust,差不多一米宽的信仰我坐着喝味噌汤
like,在旁观看庭园假山京都的夜晚
like,有一种榻榻米的稻香叫做禅
sadness,神社许愿闪过一个画面
like,忍者蒙着脸在角落吹暗箭
like,幕府又重现从前老东京那条山手线像一出怀旧的默片
like,伊贺流忍者的想法只会用武士刀比划
like,我一个人在家乖乖的学插花
sadness,樱花落满地有一种神秘凝结了空气
sadness,黑夜里偷袭去攻击烟雾当武器
happiness,忍者的物语要切断过去忠心是唯一
like,隐身要彻底要忘记什麽是自己
sadness,居酒屋里的小神龛离铺满鹅卵石的玄关
disgust,差不多一米宽的信仰我坐着喝味噌汤
like,在旁观看庭园假山京都的夜晚
like,有一种榻榻米的稻香叫做禅
sadness,神社许愿闪过一个画面
like,忍者蒙着脸在角落吹暗箭
like,幕府又重现从前老东京那条山手线像一出怀旧的默片
like,伊贺流忍者的想法只会用武士刀比划
like,我一个人在家乖乖的学插花
sadness,樱花落满地有一种神秘凝结了空气
sadness,黑夜里偷袭去攻击烟雾当武器
happiness,忍者的物语要切断过去忠心是唯一
like,隐身要彻底要忘记什麽是自己
disgust,才离开没多久就开始担心今天的妳过的好不好
like,整个画面是妳想妳想的睡不着
disgust,嘴嘟嘟那可爱的模样还有在妳身上香香的味道
disgust,我的快乐是妳想妳想的都会笑
disgust,没有妳在我有多难熬没有妳在我有多难熬多烦恼
disgust,没有妳烦我有多烦恼没有妳烦我有多烦恼多难熬
like,穿过云层我试着努力向妳奔跑
disgust,爱才送到妳却已在别人怀抱
disgust,就是开不了口让她知道
like,我一定会呵护着妳也逗妳笑
sadness,妳对我有多重要我後悔没让妳知道
disgust,安静的听妳撒娇看妳睡着一直到老
sadness,就是开不了口让她知道就是那麽简单几句我办不到
like,整颗心悬在半空我只能够远远看着
happiness,这些我都做得到但那个人已经不是我
disgust,没有妳在我有多难熬没有妳在我有多难熬多烦恼
disgust,没有妳烦我有多烦恼没有妳烦我有多烦恼多难熬
like,穿过云层我试着努力向妳奔跑
disgust,爱才送到妳却已在别人怀抱
disgust,就是开不了口让她知道
like,我一定会呵护着妳也逗妳笑
sadness,妳对我有多重要我後悔没让妳知道
disgust,安静的听妳撒娇看妳睡着一直到老
sadness,就是开不了口让她知道就是那麽简单几句我办不到
like,整颗心悬在半空我只能够远远看着
happiness,这些我都做得到但那个人已经不是我
disgust,泛黄的春联还残留在墙上依稀可见几个字岁岁平安
anger,在我没回去过的老家米缸爷爷用楷书写一个满
disgust,黄金葛爬满了雕花的门窗夕阳斜斜映在斑驳的砖墙
disgust,铺着榉木板的屋内还弥漫姥姥当年酿的豆瓣酱
like,我对着黑白照片开始想像爸和妈当年的模样
like,说着一口吴侬软语的姑娘缓缓走过外滩
anger,消失的旧时光一九四三在回忆的路上时间变好慢
disgust,老街坊小弄堂是属於那年代白墙黑瓦的淡淡的忧伤
anger,消失的旧时光一九四三回头看的片段有一些风霜
disgust,老唱盘旧皮箱装满了明信片的铁盒里藏着一片玫瑰花瓣
disgust,黄金葛爬满了雕花的门窗夕阳斜斜映在斑驳的砖墙
disgust,铺着榉木板的屋内还弥漫姥姥当年酿的豆瓣酱
like,我对着黑白照片开始想像爸和妈当年的模样
like,说着一口吴侬软语的姑娘缓缓走过外滩
anger,消失的旧时光一九四三在回忆的路上时间变好慢
disgust,老街坊小弄堂是属於那年代白墙黑瓦的淡淡的忧伤
anger,消失的旧时光一九四三回头看的片段有一些风霜
disgust,老唱盘旧皮箱装满了明信片的铁盒里藏着一片玫瑰花瓣
disgust,广场一枚铜币悲伤的很隐密它在许愿池里轻轻叹息
like,太多的我爱妳让它喘不过气已经失去意义
disgust,戒指在哭泣静静躺在抽屉它所拥有的只剩下回忆
disgust,相爱还有别离像无法被安排的雨随时准备来袭
disgust,我怀念起国小的课桌椅怀念着用铅笔写日记
happiness,纪录哪最原始的美丽纪录第一次遇见的妳
like,如果我遇见妳是一场悲剧我想我这辈子注定一个人演戏
sadness,最後再一个人慢慢的回忆没有了过去我将往事抽离
disgust,如果我遇见妳是一场悲剧我可以让生命就这样毫无意义
disgust,或许再最後能听到妳一句轻轻的叹息後悔着对不起
disgust,一枚铜币悲伤的很隐密它在许愿池里轻轻叹息
like,太多的我爱妳让它喘不过气已经失去意义
disgust,戒指在哭泣静静躺在抽屉它所拥有的只剩下回忆
disgust,相爱还有别离像无法被安排的雨随时准备来袭
disgust,我怀念起国小的课桌椅怀念着用铅笔写日记
happiness,纪录哪最原始的美丽纪录第一次遇见的妳
like,如果我遇见妳是一场悲剧我想我这辈子注定一个人演戏
sadness,最後再一个人慢慢的回忆没有了过去我将往事抽离
disgust,如果我遇见妳是一场悲剧我可以让生命就这样毫无意义
disgust,或许再最後能听到妳一句轻轻的叹息後悔着对不起
like,如果我遇见妳是一场悲剧我想我这辈子注定一个人演戏
sadness,最後再一个人慢慢的回忆没有了过去我将往事抽离
disgust,如果我遇见妳是一场悲剧我轻轻的叹息後悔着对不起
like,藤蔓植物爬满了伯爵的坟墓
like,古堡里一片荒芜长满杂草的泥土
disgust,不会骑扫把的胖女巫用拉丁文念咒语啦啦呜
disgust,她养的黑猫笑起来像哭啦啦啦呜用水晶球替人占卜
anger,她说下午三点阳光射进教堂的角度能知道你前世是狼人还是蝙蝠
happiness,古堡主人威廉二世满脸的落腮胡习惯在吸完血後开始打呼
disgust,管家是一只会说法语举止优雅的猪吸血前会念约翰福音做为弥补
anger,拥有一双蓝色眼睛的凯萨琳公主专吃有AB血型的公老鼠
like,恍恍惚惚是谁的脚步
like,银制茶壶装蟑螂蜘蛛
like,辛辛苦苦全家怕日出
like,白色蜡烛温暖了空屋
like,藤蔓植物爬满了伯爵的坟墓
like,古堡里一片荒芜长满杂草的泥土
disgust,不会骑扫把的胖女巫用拉丁文念咒语啦啦呜
disgust,她养的黑猫笑起来像哭啦啦啦呜用水晶球替人占卜
anger,她说下午三点阳光射进教堂的角度能知道你前世是狼人还是蝙蝠
happiness,古堡主人威廉二世满脸的落腮胡习惯在吸完血後开始打呼
disgust,管家是一只会说法语举止优雅的猪吸血前会念约翰福音做为弥补
anger,拥有一双蓝色眼睛的凯萨琳公主专吃有AB血型的公老鼠
like,恍恍惚惚是谁的脚步
like,银制茶壶装蟑螂蜘蛛
like,辛辛苦苦全家怕日出
like,白色蜡烛温暖了空屋
happiness,岩烧店的烟味弥漫隔壁是国术馆
sadness,店里面的妈妈桑茶道有三段
happiness,教拳脚武术的老板练铁沙掌耍杨家枪
like,硬底子功夫最擅长还会金钟罩铁布衫
sadness,他们儿子我习惯从小就耳濡目染
like,什麽刀枪跟棍棒我都耍的有模有样
disgust,什麽兵器最喜欢双截棍柔中带刚
like,想要去河南嵩山学少林跟武当
like,干什麽干什麽呼吸吐纳心自在
like,干什麽干什麽气沉丹田手心开
like,干什麽干什麽日行千里系沙袋
like,飞檐走壁莫奇怪去去就来
like,一个马步向前一记左钩拳右钩拳
happiness,一句惹毛我的人有危险一再重演
like,一根我不抽的菸一放好多年它一直在身边
like,干什麽干什麽我打开任督二脉
like,干什麽干什麽东亚病夫的招牌
sadness,干什麽干什麽已被我一脚踢开
like,快使用双截棍哼哼哈兮
like,快使用双截棍哼哼哈兮
like,习武之人切记仁者无敌
like,是谁在练太极风生水起
like,快使用双截棍哼哼哈兮
like,快使用双截棍哼哼哈兮
like,如果我有轻功飞檐走壁
like,为人耿直不屈一身正气
sadness,他们儿子我习惯从小就耳濡目染
like,什麽刀枪跟棍棒我都耍的有模有样
disgust,什麽兵器最喜欢双截棍柔中带刚
like,想要去河南嵩山学少林跟武当
like,快使用双截棍哼哼哈兮
like,快使用双截棍哼哼哈兮
like,习武之人切记仁者无敌
like,是谁在练太极风生水起
like,快使用双截棍哼哼哈兮
like,快使用双截棍哼哼哈兮
like,如果我有轻功飞檐走壁
like,为人耿直不屈一身正气
sadness,他们儿子我习惯从小就耳濡目染
like,什麽刀枪跟棍棒我都耍的有模有样
disgust,什麽兵器最喜欢双截棍柔中带刚
like,想要去河南嵩山学少林跟武当
like,快使用双截棍哼哼哈兮
like,快使用双截棍哼哼哈兮
like,习武之人切记仁者无敌
like,是谁在练太极风生水起
like,快使用双截棍快使用双截棍
like,如果我有轻功
like,为人耿直不屈一身正气
sadness,快使用双截棍我用手刀防御漂亮的回旋踢
like,只剩下钢琴陪我谈了一天
like,睡着的大提琴安静的旧旧的
like,我想你已表现的非常明白
like,我懂我也知道你没有舍不得
sadness,你说你也会难过我不相信
like,牵着你陪着我也只是曾经
disgust,希望他是真的比我还要爱你我才会逼自己离开
sadness,你要我说多难堪我根本不想分开
like,为什麽还要我用微笑来带过
disgust,我没有这种天份包容你也接受他
like,不用担心的太多我会一直好好过
like,你已经远远离开我也会慢慢走开
like,为什麽我连分开都迁就着你
happiness,我真的没有天份安静的没这麽快
sadness,我会学着放弃你是因为我太爱你
like,只剩下钢琴陪我谈了一天
like,睡着的大提琴安静的旧旧的
like,我想你已表现的非常明白
like,我懂我也知道你没有舍不得
sadness,你说你也会难过我不相信
like,牵着你陪着我也只是曾经
disgust,希望他是真的比我还要爱你我才会逼自己离开
sadness,你要我说多难堪我根本不想分开
like,为什麽还要我用微笑来带过
disgust,我没有这种天份包容你也接受他
like,不用担心的太多我会一直好好过
like,你已经远远离开我也会慢慢走开
like,为什麽我连分开都迁就着你
happiness,我真的没有天份安静的没这麽快
sadness,我会学着放弃你是因为我太爱你
sadness,你要我说多难堪我根本不想分开
like,为什麽还要我用微笑来带过
disgust,我没有这种天份包容你也接受他
like,不用担心的太多我会一直好好过
like,你已经远远离开我也会慢慢走开
like,为什麽我连分开都迁就着你
happiness,我真的没有天份安静的没这麽快
sadness,我会学着放弃你是因为我太爱你
like,再也没有纯白的灵魂自人类堕落为半兽人
sadness,我开始使用第一人称记录眼前所有的发生
sadness,嗜血森林醒来的早晨任何侵略都成为可能
sadness,我用古老的咒语重温吟唱灵魂序曲寻根
sadness,面对魔界的邪吻不被污染的转身
happiness,维持纯白的象徵然後还原为人
disgust,让我们半兽人的灵魂翻滚收起残忍回忆兽化的过程
happiness,让我们半兽人的眼神单纯而非贪婪着永恒只对暴力忠诚
anger,让我们半兽人的灵魂翻滚停止忿恨永无止尽的战争
disgust,让我们半兽人的眼神单纯对远古存在的神用谦卑的身份
like,再也没有纯白的灵魂自人类堕落为半兽人
sadness,我开始使用第一人称记录眼前所有的发生
sadness,嗜血森林醒来的早晨任何侵略都成为可能
sadness,我用古老的咒语重温吟唱灵魂序曲寻根
sadness,面对魔界的邪吻不被污染的转身
happiness,维持纯白的象徵然後还原为人
disgust,让我们半兽人的灵魂翻滚收起残忍回忆兽化的过程
happiness,让我们半兽人的眼神单纯而非贪婪着永恒只对暴力忠诚
anger,让我们半兽人的灵魂翻滚停止忿恨永无止尽的战争
disgust,让我们半兽人的眼神单纯对远古存在的神用谦卑的身份
disgust,泪沸腾风异常的冰冷马蹄声让人睡不安稳
happiness,我在等灵魂序曲完成带领族人写下祈祷文
disgust,那城镇无谓的在牺牲
sadness,面对魔界的邪吻不被污染的转身
like,战火焚祭坛开始下沉
happiness,维持纯白的象徵然後还原为人
like,我在等觉悟後的族人
sadness,让我们半兽人的灵魂收起残忍往南方大地重新开垦
like,让我们半兽人并非永恒只对暴力忠诚
disgust,泪沸腾风异常的冰冷马蹄声让人睡不安稳
happiness,我在等灵魂序曲完成带领族人写下祈祷文
disgust,那城镇无谓的在牺牲
like,让我们半兽人的灵魂翻滚
like,战火焚祭坛开始下沉
like,停止忿恨永无止尽的战争
like,我在等觉悟後的族人
like,让我们半兽人的眼神单纯
disgust,往南方大地重新开垦对远古存在的神用谦卑的身份
like,走廊灯关上书包放走到房间窗外望
like,回想刚买的书一本名叫半岛铁盒放在床边堆好多第一页第六页第七页序
disgust,我永远都想不到陪我看这书的你会要走
disgust,不再是不再有现在已经看不到铁盒的钥匙孔透了光看见它锈了好久
anger,好旧好旧外围的灰尘包围了我好暗好暗铁盒的钥匙我找不到
disgust,放在糖果旁的是我很想回忆的甜然而过滤了你和我沦落而成美
disgust,沉在盒子里的是你给我的快乐我很想记得可是我记不得
disgust,为什麽这样子你拉着我说你有些犹豫
anger,怎麽这样子雨还没停你就撑伞要走
disgust,已经习惯不去阻止你过好一阵子你就会回来
like,印象中的爱情好像顶不住那时间
disgust,为什麽这样子你看着我说你已经决定
disgust,我拉不住你他的手应该比我更暖
happiness,铁盒的序变成了日记变成了空气演化成回忆
happiness,印象中的爱情好像顶不住那时间所以你弃权
like,走廊灯关上书包放走到房间窗外望
like,回想刚买的书一本名叫半岛铁盒放在床边堆好多第一页第六页第七页序
disgust,我永远都想不到陪我看这书的你会要走
disgust,不再是不再有现在已经看不到铁盒的钥匙孔透了光看见它锈了好久
anger,好旧好旧外围的灰尘包围了我好暗好暗铁盒的钥匙我找不到
disgust,放在糖果旁的是我很想回忆的甜然而过滤了你和我沦落而成美
disgust,沉在盒子里的是你给我的快乐我很想记得可是我记不得
disgust,为什麽这样子你拉着我说你有些犹豫
anger,怎麽这样子雨还没停你就撑伞要走
disgust,已经习惯不去阻止你过好一阵子你就会回来
like,印象中的爱情好像顶不住那时间
disgust,为什麽这样子你看着我说你已经决定
disgust,我拉不住你他的手应该比我更暖
happiness,铁盒的序变成了日记变成了空气演化成回忆
happiness,印象中的爱情好像顶不住那时间所以你弃权
disgust,为什麽这样子你看着我说你已经决定
disgust,我拉不住你他的手应该比我更暖
happiness,铁盒的序变成了日记变成了空气演化成回忆
happiness,印象中的爱情好像顶不住那时间所以你弃权
happiness,我想要的想做的你比谁都了
happiness,你想说的想给的我全都知道
like,未接来电没留言一定是你孤单的想念
like,任何人都猜不到这是我们的暗号
like,他们猜随便猜不重要连上彼此的讯号才有个依靠
disgust,有太多人太多事夹在我们之间咆哮杂讯太多讯号弱就连风吹都要干扰
like,可是你不想一直走在黑暗地下道
like,想吹风想自由想要一起手牵手去看海绕世界流浪
like,我害怕你心碎没人帮你擦眼泪
sadness,别管那是非只要我们感觉对
like,我害怕你心碎没人帮你擦眼泪
like,别离开身边拥有你我的世界才能完美
like,他们猜随便猜不重要连上彼此的讯号才有个依靠
disgust,有太多人太多事夹在我们之间咆哮杂讯太多讯号弱就连风吹都要干扰
like,可是你不想一直走在黑暗地下道
like,想吹风想自由想要一起手牵手去看海绕世界流浪
like,我害怕你心碎没人帮你擦眼泪
sadness,别管那是非只要我们感觉对
like,我害怕你心碎没人帮你擦眼泪
like,别离开身边拥有你我的世界才能完美
sadness,你说你想逃开松手爱太累爱得不自由因为我给不起最简单的承诺
like,你停止收讯号我开始搜寻不到到底有谁知道是几点钟方向你才会收到暗号
like,我害怕你心碎没人帮你擦眼泪
sadness,别管那是非只要我们感觉对
like,我害怕你心碎没人帮你擦眼泪
like,别离开身边拥有你我的世界才能完美
like,以敦煌为圆心的东北东
like,这民族的海岸线像一支弓
like,那长城像五千年来待射的梦
like,我用手臂拉开这整个土地的重
disgust,蒙古高原南下的风写些什麽内容
like,汉字到底懂不懂一样肤色和面孔
anger,跨越黄河东登上泰山顶峰我向西引北风晒成一身古铜
anger,渴望着血脉相通无限个千万弟兄
disgust,我把天地拆封将长江水掏空人在古老河床蜕变中
disgust,我右拳打开了天化身为龙把山河重新移动填平裂缝
disgust,将东方的日出调整了时空回到洪荒去支配去操纵
sadness,我右拳打开了天化身为龙那大地心脏汹涌不安跳动
disgust,全世界的表情只剩下一种等待英雄我就是那条龙
disgust,我把天地拆封将长江水掏空人在古老河床蜕变中
disgust,我右拳打开了天化身为龙把山河重新移动填平裂缝
disgust,将东方的日出调整了时空回到洪荒去支配去操纵
sadness,我右拳打开了天化身为龙那大地心脏汹涌不安跳动
disgust,全世界的表情只剩下一种等待英雄我就是那条龙
anger,渴望着血脉相通无限个千万弟兄
disgust,我把天地拆封将长江水掏空人在古老河床蜕变中
disgust,我右拳打开了天化身为龙把山河重新移动填平裂缝
disgust,将东方的日出调整了时空回到洪荒去支配去操纵
sadness,我右拳打开了天化身为龙那大地心脏汹涌不安跳动
disgust,全世界的表情只剩下一种等待英雄我就是那条龙
disgust,我把天地拆封将长江水掏空人在古老河床蜕变中
disgust,我右拳打开了天化身为龙把山河重新移动填平裂缝
disgust,将东方的日出调整了时空回到洪荒去支配去操纵
sadness,我右拳打开了天化身为龙那大地心脏汹涌不安跳动
disgust,全世界的表情只剩下一种等待英雄我就是那条龙
like,坐着我的摩托车载你缓缓的离开
sadness,考不上的好学校可以不微笑就走
like,把手慢慢交给我放下心中的困惑
disgust,雨点从两旁划过割开两种精神的我
sadness,经过老伯的家篮框变得好高爬过的那棵树又何时变得渺小
happiness,这样也好开始没人注意到你我
like,等雨变强之前我们将会分化软弱
like,趁时间没发觉让我带着你离开
like,没有了证明没有了空虚基於两种立场我会罩着你
like,趁时间没发觉让我带着你离开
disgust,这不是顽固这不是逃避没人绑着你走才快乐
like,坐着我的摩托车载你缓缓的离开
sadness,考不上的好学校可以不微笑就走
like,把手慢慢交给我放下心中的困惑
disgust,雨点从两旁划过割开两种精神的我
sadness,经过老伯的家篮框变得好高爬过的那棵树又何时变得渺小
happiness,这样也好开始没人注意到你我
like,等雨变强之前我们将会分化软弱
like,趁时间没发觉让我带着你离开
like,没有了证明没有了空虚基於两种立场我会罩着你
like,趁时间没发觉让我带着你离开
disgust,这不是顽固这不是逃避没人绑着你走才快乐
disgust,爷爷泡的茶有一种味道叫做家
like,陆羽泡的茶听说名和利都不拿
disgust,爷爷泡的茶有一种味道叫做家
like,陆羽泡的茶像幅泼墨的山水画
disgust,山泉在地表蜿蜒
happiness,从很久很久以前我有一张稚气的脸
disgust,泉水渗透进矿层岩爷爷栽种的樟木树苗在上面
anger,犹记得那年在一个雨天那七岁的我躲在屋檐却一直想去荡秋千
disgust,爷爷抽着烟说唐朝陆羽写茶经三卷流传了千年
like,那天我翻阅字典查什麽字眼形容一件事很遥远
like,天边是否在海角对面直到九岁才知道浪费时间
happiness,这茶桌樟木的横切面年轮有二十三圈
disgust,镜头的另一边跳接我成熟的脸经过这些年
disgust,爷爷的手茧泡在水里会有茶色蔓延
disgust,爷爷泡的茶有一种味道叫做家
like,没法挑剔它口感味觉还不差
like,陆羽泡的茶听说名和利都不拿
happiness,他牵着一匹瘦马走天涯
disgust,爷爷泡的茶有一种味道叫做家
disgust,他满头白发喝茶时不准说话
like,陆羽泡的茶像幅泼墨的山水画
like,唐朝千年的风沙现在还在刮
like,那天我翻阅字典查什麽字眼形容一件事很遥远
like,天边是否在海角对面直到九岁才知道浪费时间
happiness,这茶桌樟木的横切面年轮有二十三圈
disgust,镜头的另一边跳接我成熟的脸经过这些年
disgust,爷爷的手茧泡在水里会有茶色蔓延
disgust,爷爷泡的茶有一种味道叫做家
like,没法挑剔它口感味觉还不差
like,陆羽泡的茶听说名和利都不拿
happiness,他牵着一匹瘦马走天涯
disgust,爷爷泡的茶有一种味道叫做家
disgust,他满头白发喝茶时不准说话
like,陆羽泡的茶像幅泼墨的山水画
like,唐朝千年的风沙现在还在刮
disgust,爷爷泡的茶有一种味道叫做家
like,没法挑剔它口感味觉还不差
like,陆羽泡的茶听说名和利都不拿
happiness,他牵着一匹瘦马走天涯
disgust,爷爷泡的茶有一种味道叫做家
disgust,他满头白发喝茶时不准说话
like,陆羽泡的茶像幅泼墨的山水画
like,唐朝千年的风沙现在还在刮
disgust,爷爷泡的茶有一种味道叫做家
like,陆羽泡的茶听说名和利都不拿
disgust,爷爷泡的茶有一种味道叫做家
like,陆羽泡的茶像幅泼墨的山水画
happiness,一盏黄黄旧旧的灯时间在旁闷不吭声
like,寂寞下手毫无分寸不懂得轻重之分
like,沉默支撑跃过陌生静静看着凌晨黄昏
like,妳的身影失去平衡慢慢下沉
like,黑暗已在空中盘旋该往哪我看不见
disgust,也许爱在梦的另一端无法存活在真实的空间
disgust,想回到过去试着抱妳在怀里羞怯的脸带有一点稚气
sadness,想看妳看的世界想在妳梦的画面只要靠在一起就能感觉甜蜜
happiness,想回到过去试着让故事继续至少不再让妳离我而去
happiness,分散时间的注意这次会抱得更紧
like,这样挽留不知还来不来得及想回到过去
disgust,思绪不断阻挡着回忆播放盲目的追寻仍然空空荡荡
disgust,灰蒙蒙的夜晚睡意又不知躲到哪去一转身孤单已躺在身旁
disgust,想回到过去试着抱妳在怀里羞怯的脸带有一点稚气
sadness,想看妳看的世界，想在妳梦的画面只要靠在一起就能感觉甜蜜
happiness,想回到过去试着让故事继续至少不再让妳离我而去
happiness,分散时间的注意这次会抱得更紧
like,这样挽留不知还来不来得及想回到过去
like,沉默支撑跃过陌生静静看着凌晨黄昏
like,妳的身影失去平衡慢慢下沉
like,想回到过去
happiness,跑遍了牧场又绕过了村庄他就站在街角的旧报摊
sadness,眼睛盯着隔壁里的橱窗一把吉他远远欣赏
like,木炭一箩筐木炭一直放木炭剩一半
like,火炉烫小铁匠存钱买希望在流汗
disgust,巴洛克建筑的街道旁一家烟雾缭绕的酒馆波兰的吟唱诗人在弹唱
disgust,小铁匠在门外进不去在苦恼他的铜板还太少
disgust,他真的真的想知道那首来自东欧的民谣和弦到底什麽调
like,米兰的天空刚破晓
disgust,那马碲铁还要敲多少吉他才能买得到
disgust,他真的真的想知道他不知道怎麽办才好睡不着
happiness,他将那扑满打破了小小愿望就快实现了他在笑
happiness,跑遍了牧场又绕过了村庄他就站在街角的旧报摊
sadness,眼睛盯着隔壁里的橱窗一把吉他远远欣赏
like,木炭一箩筐木炭一直放木炭剩一半
like,火炉烫小铁匠存钱买希望在流汗
disgust,巴洛克建筑的街道旁一家烟雾缭绕的酒馆波兰的吟唱诗人在弹唱
disgust,小铁匠在门外进不去在苦恼他的铜板还太少
disgust,他真的真的想知道那首来自东欧的民谣和弦到底什麽调
like,米兰的天空刚破晓
disgust,那马碲铁还要敲多少吉他才能买得到
disgust,他真的真的想知道他不知道怎麽办才好睡不着
happiness,他将那扑满打破了小小愿望就快实现了他在笑
disgust,他真的真的想知道他不知道怎麽办才好睡不着
happiness,他将那扑满打破了小小愿望就快实现了他在笑
like,机枪扫射声中我们寻找遮蔽的战壕
like,儿时沙雕的城堡毁坏了重新盖就好
happiness,可是你那件染血布满弹孔的军外套却就连祷告手都举不好
like,在硝烟中想起冰棒汽水的味道和那些无所事事一整个夏天的年少
disgust,我放下枪回忆去年一起毕业的学校而眼泪一直都忘记要掉
disgust,嘲笑的声音在风中不断被练习这树林间充满了敌意
disgust,部队弃守阵地你坚持要我也离去我怎麽能放弃
sadness,我留着陪你强忍着泪滴
like,有些事真的来不及回不去
like,你脸在抽搐就快没力气家乡事不准我再提
disgust,我留着陪你最後的距离是你的侧脸倒在我的怀里
like,你慢慢睡去我摇不醒你
disgust,泪水在战壕里决了堤
like,在硝烟中想起冰棒汽水的味道和那些无所事事一整个夏天的年少
disgust,我放下枪回忆去年一起毕业的学校而眼泪一直都忘记要掉
disgust,嘲笑的声音在风中不断被练习这树林间充满了敌意
disgust,部队弃守阵地你坚持要我也离去我怎麽能放弃
sadness,我留着陪你强忍着泪滴
like,有些事真的来不及回不去
like,你脸在抽搐就快没力气家乡事不准我再提
disgust,我留着陪你最後的距离是你的侧脸倒在我的怀里
like,你慢慢睡去我摇不醒你
disgust,泪水在战壕里决了堤
happiness,微凉的晨露沾湿黑礼服石板路有雾父在低诉
anger,无奈的觉悟只能更残酷一切都为了通往圣堂的路
happiness,吹不散的雾隐没了意图谁轻柔踱步停住
like,还来不及哭穿过的子弹就带走温度
disgust,我们每个人都有罪犯着不同的罪我能决定谁对
like,谁又该要沈睡争论不能解决
like,在永无止境的夜关掉你的嘴唯一的恩惠
disgust,挡在前面的人都有罪後悔也无路可退以父之名判决
like,那感觉没有适合字汇就像边笑边掉泪凝视着完全的黑
like,阻挡悲剧蔓延的悲剧会让我沈醉
like,低头亲吻我的左手换取被宽恕的承诺
like,老旧管风琴在角落一直一直一直伴奏
like,黑色帘幕被风吹动阳光无言的穿透洒向那群被我驯服後的兽
anger,沈默的喊叫沈默的喊叫孤单开始发酵不停对着我嘲笑回忆逐渐延烧
disgust,曾经纯真的画面残忍的温柔出现脆弱时间到我们一起来祷告
disgust,仁慈的父我已坠入看不见罪的国度请原谅我的自负
sadness,没人能说没人可说好难承受荣耀的背後刻着一道孤独
happiness,闭上双眼我又看见当年那梦的画面天空是蒙蒙的雾
disgust,父亲牵着我的双手轻轻走过清晨那安安静静的石板路
like,低头亲吻我的左手换取被宽恕的承诺
like,老旧管风琴在角落一直一直一直伴奏
like,黑色帘幕被风吹动阳光无言的穿透洒向那群被我驯服後的兽
anger,沈默的喊叫沈默的喊叫孤单开始发酵不停对着我嘲笑回忆逐渐延烧
disgust,曾经纯真的画面残忍的温柔出现脆弱时间到我们一起来祷告
disgust,仁慈的父我已坠入看不见罪的国度请原谅我的自负
sadness,没人能说没人可说好难承受荣耀的背後刻着一道孤独
happiness,仁慈的父我已坠入看不见罪的国度
sadness,请原谅我我的自负刻着一道孤独
disgust,仁慈的父我已坠入看不见罪的国度请原谅我的自负
sadness,没人能说没人可说好难承受荣耀的背後刻着一道孤独
like,闭上双眼我又看见当年那梦的画面
like,那斑驳的家徽我擦拭了一夜孤独的光辉我才懂的感觉
sadness,天空是蒙蒙的雾烛光不不停的摇晃猫头鹰在窗棂上对着远方眺望
disgust,父亲牵着我的双手轻轻走过通向大厅的长廊一样说不出的沧桑
disgust,清晨那安安静静的石板路没有喧嚣只有宁静围绕我慢慢睡着天刚刚破晓
disgust,周围的人群堵住了我的出口想爬起来我只能说真的好难
sadness,防火巷传来的枪声把我从天堂叫醒一名白种人褐色头发在我面前倒下
sadness,从他的手里那半包看到不少我荒唐的影子从他的眼球看到发抖的我
sadness,是那麽的丑陋於是捡起地上他那第二个钮扣提醒自己该开始懂事
disgust,不被软性药物控制在我的眼里懂得拒绝才能存活下来
disgust,活着不是用来演一出糜烂的黑色喜剧说不
disgust,我很後悔当初没有这样的肯定说不不代表懦夫
disgust,真不该睁不开别让我的地球变暗互相残杀的动物真美
disgust,被期待被覆盖蜕变的公式我学不来我闻不到腐烂的香味
disgust,说不我很後悔当时没有这样的肯定说不不代表懦夫
disgust,你应该很骄傲我看不起人们无知的好奇作祟心态
like,去亲近死神你了吗很了吗肮脏的香味我吸了太多太多
happiness,腐败的视野我看了太多太多瞳孔放大不代表就能看得更多
disgust,难怪大人们说我们永远长不大
happiness,那一块在我梦里的乾净的天空那一块在我梦里的乾净的天空
disgust,是否玩大风吹也许就能看到是否玩大风吹也许就能看到
like,真不该睁不开别让我的地球变暗
disgust,街角的消防栓上的红色油漆反射出儿时天真的嬉戏模样
like,被期待被覆盖蜕变的公式我学不来
disgust,难道这不是我要的天堂景象沉沦假象你只会感到更加沮丧
like,真不该睁不开别让我的地球变暗
disgust,街角的消防栓上的红色油漆反射出儿时天真的嬉戏模样
like,被期待被覆盖蜕变的公式我学不来
disgust,难道这不是我要的天堂景象沉沦假象你只会感到更加沮丧
like,真不该睁不开别让我的地球变暗
disgust,街角的消防栓上的红色油漆反射出儿时天真的嬉戏模样
like,我闻不到腐烂的香味
disgust,难道这不是我要的天堂景象沉沦假象你只会感到更加沮丧
like,被期待被覆盖蜕变的公式我学不来
disgust,难道这不是我要的天堂景象沉沦假象你只会感到更加沮丧
like,我闻不到腐烂的香味
happiness,故事的小黄花从出生那年就飘着
like,童年的荡秋千随记忆一直晃到现在
like,吹着前奏望着天空我想起花瓣试着掉落
disgust,为妳翘课的那一天花落的那一天教室的那一间我怎麽看不见
like,消失的下雨天我好想再淋一遍
like,没想到失去的勇气我还留着
happiness,好想再问一遍妳会等待还是离开
disgust,刮风这天我试过握着妳手但偏偏雨渐渐大到我看妳不见
disgust,还要多久我才能在妳身边等到放晴的那天也许我会比较好一点
sadness,从前从前有个人爱妳很久但偏偏风渐渐把距离吹得好远
sadness,好不容易又能再多爱一天但故事的最後妳好像还是说了拜拜
disgust,为妳翘课的那一天花落的那一天教室的那一间我怎麽看不见
like,消失的下雨天我好想再淋一遍
like,没想到失去的勇气我还留着
happiness,好想再问一遍妳会等待还是离开
disgust,刮风这天我试过握着妳手但偏偏雨渐渐大到我看妳不见
disgust,还要多久我才能在妳身边等到放晴的那天也许我会比较好一点
sadness,从前从前有个人爱妳很久但偏偏风渐渐把距离吹得好远
sadness,好不容易又能再多爱一天但故事的最後妳好像还是说了拜拜
disgust,刮风这天我试过握着妳手但偏偏雨渐渐大到我看妳不见
disgust,还要多久我才能够在妳身边等到放晴的那天也许我会比较好一点
sadness,从前从前有个人爱妳很久但偏偏雨渐渐把距离吹得好远
sadness,好不容易又能再多爱一天但故事的最後妳好像还是说了拜
disgust,眼睛你要擦亮记住我的模样表情不用太紧张我是三年二班
disgust,我专心打球的侧脸还满好看黑板是吸收知识的地方
like,只是教室的阳光那颜色我不太喜欢
anger,没有操场的自然为何比较漂亮的都是在隔壁班
happiness,还有考卷的答案我刚好都不会算
like,没关系再继续努力没关系为什麽上课时举手很难
disgust,为什麽拿线上宝物简单为什麽女生不喜欢太胖为什麽都别人手机在响
sadness,正手发长球的打法只是初级乒乓
disgust,反手短打再狠狠杀球是高级乒乓回转技巧乒乓前场速攻乒乓
disgust,对墙壁在练习乒乓乒乓
disgust,这第一名到底要多强不用问一定有人向你挑战
disgust,到底还要过多少关不用怕告诉他们谁是男子汉
like,可不可以不要这个奖不想问我只想要留一点汗
disgust,我当我自己的裁判不想说选择对手跟要打的仗
disgust,这第一名到底要多强不用问一定有人向你挑战
disgust,到底还要过多少关不用怕告诉他们谁是男子汉
like,可不可以不要这个奖不想问我只想要留一点汗
disgust,我当我自己的裁判不想说选择对手跟要打的仗
disgust,我不想就这样一直走每天都遇上充满敌意那种眼光
disgust,等机会就是要打倒对方这种结果我不要这虚荣的骄傲
disgust,这目的很好笑我其实都知道你只是想炫耀我永远做不到
disgust,你永远赢不了我永远做不到你永远赢不了永远都赢不了
disgust,走下乡寻找哪有花香坐车厢朝着南下方向鸟飞翔穿过这条小巷
sadness,仔细想这种生活安详不好笑不好笑不好笑
disgust,这第一名到底要多强不用问一定有人向你挑战
disgust,到底还要过多少关不用怕告诉他们谁是男子汉
like,可不可以不要这个奖不想问我只想要留一点汗
disgust,我当我自己的裁判不想说选择对手跟要打的仗
disgust,我不想就这样一直走每天都遇上充满敌意那种眼光
disgust,等机会就是要打倒对方这种结果我不要这虚荣的骄傲
disgust,我不想就这样一直走每天都遇上充满敌意那种眼光
disgust,等机会就是要打倒对方这种结果我不要这虚荣的骄傲
sadness,走下乡寻找哪有花香坐车厢朝着南下方向
disgust,鸟飞翔穿过这条小巷仔细想这种生活安详
like,一盏离愁孤单伫立在窗口
happiness,我在门後假装妳人还没走
like,旧地如重游月圆更寂寞
anger,夜半清醒的烛火不忍苛责我
like,一壶漂泊浪迹天涯难入喉
sadness,妳走之後酒暖回忆思念瘦
disgust,水向东流时间怎麽偷
anger,花开就一次成熟我却错过
like,谁在用琵琶弹奏一曲东风破
like,岁月在墙上剥落看见小时候
disgust,犹记得那年我们都还很年幼而如今琴声幽幽我的等候妳没听过
like,谁在用琵琶弹奏一曲东风破
disgust,枫叶将故事染色结局我看透
like,篱笆外的古道我牵着妳走过
like,荒烟蔓草的年头就连分手都很沉默
like,一壶漂泊浪迹天涯难入喉
sadness,妳走之後酒暖回忆思念瘦
disgust,水向东流时间怎麽偷
anger,花开就一次成熟我却错过
like,谁在用琵琶弹奏一曲东风破
like,岁月在墙上剥落看见小时候
disgust,犹记得那年我们都还很年幼而如今琴声幽幽我的等候妳没听过
like,谁在用琵琶弹奏一曲东风破
disgust,枫叶将故事染色结局我看透
like,篱笆外的古道我牵着妳走过
disgust,荒烟蔓草的年头就连分手都
like,谁在用琵琶弹奏一曲东风破
like,岁月在墙上剥落看见小时候
disgust,犹记得那年我们都还很年幼而如今琴声幽幽我的等候妳没听过
like,谁在用琵琶弹奏一曲东风破
disgust,枫叶将故事染色结局我看透
like,篱笆外的古道我牵着妳走过
like,荒烟蔓草的年头就连分手都很沉默
disgust,有谁能比我知道妳的温柔像羽毛
happiness,秘密躺在我怀抱只有妳能听得到
happiness,还有没有人知道妳的微笑像拥抱
like,多想藏着妳的好只有我看得到
happiness,站在屋顶只对风说不想被左右
anger,本来讨厌下雨的天空直到听见有人说爱我
like,坐在电影院的二楼看人群走过
disgust,怎麽那一天的我们都默默的微笑很久
disgust,我想我是太过依赖在挂电话的刚才
sadness,坚持学单纯的小孩静静看守这份爱
sadness,知道不能太依赖怕妳会把我宠坏
like,妳的香味一直徘徊我舍不得离开
disgust,有谁能比我知道妳的温柔像羽毛
happiness,秘密躺在我怀抱只有妳能听得到
happiness,还有没有人知道妳的微笑像拥抱
like,多想藏着妳的好只有我看得到
like,坐在电影院的二楼看人群走过
disgust,怎麽那一天的我们都默默的微笑很久
disgust,我想我是太过依赖在挂电话的刚才
sadness,坚持学单纯的小孩静静看守这份爱
sadness,知道不能太依赖怕妳会把我宠坏
like,妳的香味一直徘徊我舍不得离开
disgust,我想我是太过依赖在挂电话的刚才
like,坚持学单纯的小孩我舍不得离开
disgust,全身纯白色的那雕像石膏颜色乾净没有压力的很讨好
disgust,我坐在客厅模仿雕像思考却彷佛听到同样想法的困扰
disgust,针叶林树梢穿过绿色隧道一股神秘在敲我们都拥有着相同的大脑一样的嗜好
anger,门上流苏线条在摇晃炫耀但是如果没有风它也办不到
like,我知道共同的默契很重要那骄傲才不会寂寞的很无聊
disgust,画框的城堡像欧洲的情调对着这张海报我们在远距离欣赏与微笑
like,默契无法伪造我们同一种调调
disgust,不关心天气预报因为那无关紧要
sadness,想打球下大雨照跳只收看音乐频道渴望在天空一角
disgust,做记号那里蓝色最好我很了
like,默契无法伪造我们同一种调调
anger,凡事都自己主导决定穿什麽外套有专属的铃声讯号
sadness,从不跟别人比较只喝冰过的饮料很少笑吃全麦的面包
anger,门上流苏线条在摇晃炫耀但是如果没有风它也办不到
like,我知道共同的默契很重要那骄傲才不会寂寞的很无聊
disgust,画框的城堡像欧洲的情调对着这张海报我们在远距离欣赏与微笑
sadness,快疯掉情绪偏离轨道快疯掉我睡不着快疯掉
happiness,表情开我玩笑快疯掉我受不了
disgust,这样也好如果身份对调我的烦恼你也会感同身受的知道
like,闷闷的很乾燥快疯掉快疯掉
like,默契无法伪造我们同一种调调
disgust,不关心天气预报因为那无关紧要
sadness,想打球下大雨照跳只收看音乐频道渴望在天空一角
disgust,做记号那里蓝色最好我很了
like,默契无法伪造我们同一种调调
anger,凡事都自己主导决定穿什麽外套有专属的铃声讯号
sadness,从不跟别人比较只喝冰过的饮料很少笑吃全麦的面包
sadness,快疯掉情绪偏离轨道快疯掉我睡不着快疯掉
happiness,表情开我玩笑快疯掉我受不了
disgust,这样也好如果身份对调我的烦恼你也会感同身受的知道
like,闷闷的很乾燥快疯掉快疯掉
anger,亲爱的总有些事没办法教表错情的感觉有一点糟
disgust,赖着不走会让人很感冒以上这道理我全都了
disgust,我将不该犯的错都默背好仔细观察她的喜好
disgust,而我紧绷的外表像上紧後的发条等她的答案揭晓
like,她的睫毛弯的嘴角无预警的对我笑
like,没有预兆出乎预料竟然先对我示好
disgust,她的睫毛弯的嘴角用眼神对我拍照
like,我戒不掉她的微笑洋溢幸福的味道
like,有些事没办法教表错情的感觉有一点糟
disgust,赖着不走会让人很感冒以上这道理我全都了
like,恋爱的方式无法拿笔来抄也没有规则可以取巧
like,被动的缘分很不可靠喜欢的对象要自己挑
like,她粉嫩清秀的外表像是多汁的水蜜桃谁都想咬
anger,她嘴上亮丽的唇膏有一股自信的骄傲我看得到
like,她粉嫩清秀的外表像是多汁的水蜜桃谁都想咬
anger,她嘴上亮丽的唇膏有一股自信的骄傲我看得到
like,她粉嫩清秀的外表像是多汁的水蜜桃谁都想咬
anger,她嘴上亮丽的唇膏有一股自信的骄傲我看得到
like,她粉嫩清秀的外表像是多汁的水蜜桃谁都想咬
anger,她嘴上亮丽的唇膏有一股自信的骄傲我看得到
like,她的睫毛弯的嘴角无预警的对我笑
like,没有预兆出乎预料竟然先对我示好
disgust,她的睫毛弯的嘴角用眼神对我拍照
like,我戒不掉她的微笑洋溢幸福的味道
like,妳说我像一个小孩总爱让妳猜
disgust,我说妳才像个小孩总要我说才明白
happiness,有些事太快失去了等待障碍没了期待
anger,我们的爱怎麽才自然
like,每次沟通不来就要离开就说不要爱
disgust,我掉进爱情悬崖跌太深爬不出来
like,下降的速度太快来不及踏上未来
disgust,妳的爱反覆徘徊打乱我呼吸节拍该怎麽逃开我控制不来
like,我掉进爱情悬崖回想起妳的可爱
like,傻傻的还在等待以为妳还会回来
disgust,妳的脸慢慢离开时间快将我掩埋消失的太快我负荷不来
like,妳说我像一个小孩总爱让妳猜
disgust,我说妳才像个小孩总要我说才明白
happiness,有些事太快失去了等待障碍没了期待
anger,我们的爱怎麽才自然
like,每次沟通不来就要离开就说不要爱
disgust,我掉进爱情悬崖跌太深爬不出来
like,下降的速度太快来不及踏上未来
disgust,妳的爱反覆徘徊打乱我呼吸节拍该怎麽逃开我控制不来
like,我掉进爱情悬崖回想起妳的可爱
like,傻傻的还在等待以为妳还会回来
disgust,妳的脸慢慢离开时间快将我掩埋消失的太快我负荷不来
disgust,文山啊等你写完词我都出下一张专辑罗
like,没关系慢慢来这首歌我自己来
anger,说到中学时期家乡的一片片梯田是我看过最美的绿地於是也因此让我得了最佳摄影
disgust,莫名其妙在画面中的我不会写词都像个诗人
disgust,坐着公车上学的我看着窗外的牛啃草是一种说不出的自由自在
disgust,我亲爱的牛儿啊跑到哪儿去啦
like,面店旁的小水沟流着我们长大的梦绕过天真跳至收割期
disgust,人们的汗水夹杂着满足与欢笑是我现在最舍不得的画面也是我另一项参展作品
like,靠着回忆画成油画拿到奖状有个啥用鼓励你多去回忆是吧
sadness,哼我真想撕掉换回自然怎麽梯田不见多了几家饭店
disgust,住在里面看西洋片几只水牛却变成画挂在墙壁上象徵人们蒸蒸日上
anger,一堆游客偶尔想看看窗外的观光景点但只看到比你住的再高一层的饭店
disgust,我亲爱的牛儿啊跑到哪儿去啦
disgust,因地制宜综合利用利用对还是不对自私的人类狼不狼狈
happiness,破坏自然的生态会不会很累
disgust,你说为了艺术要砍下一棵树酱对还是不对
like,你说为了装饰请问干我啥事
like,是不是只能用相机纪录自然拿相片给下一代给下一代回味
disgust,可怜可悲森林绿地都已成纪录片闻不到绿意盎然只享受到乌烟瘴气
disgust,我不能教育你们我不是你们老师我不是校长也不能给你们一巴掌
anger,长篇大论你们并不想听我知道但我没办法我就是要写
sadness,你们可能永远不能体会显微镜底下的我们会更现实更自私
like,这种艺术真的很难领悟
like,透过镜头重新剪接历史给人的想像
like,八厘米纪录片的桥段隔着距离欣赏
like,正邪对立的两方我握紧拳头开始习惯以牙还牙的手段
sadness,风盘旋烟雾弥漫我虔诚点的香在祈祷着平安
like,从天台向下俯瞰暴力在原地打转
like,上一代解决的答案是微笑不抵抗
sadness,被雨淋湿的唐装那股叹息很东方
sadness,我看不惯尊严受伤家族如此不堪
like,风缓缓绕过武馆
like,正上方的月亮那颜色中国黄
like,透过透过镜头重新剪接历史给人的想像
disgust,八厘米纪录片的桥段在播放隔着距离欣赏正邪对立的两方
like,我握紧拳头开始习惯那以牙还牙的手段恐惧来自退让
like,从天台向下俯瞰暴力在原地打转
like,上一代解决的答案是微笑不抵抗
sadness,被雨淋湿的唐装那股叹息很东方
sadness,我看不惯尊严受伤家族如此不堪
like,从天台向下俯瞰暴力在原地打转
like,上一代解决的答案是微笑不抵抗
sadness,被雨淋湿的唐装那股叹息很东方
sadness,我看不惯尊严受伤家族如此不堪
like,双刀的正前方我杀气不转弯背对我的力量它自己却受伤
like,双刀的右下方我挥刀去了断将恩怨全看穿丹凤眼的目光
like,双刀的正前方我杀气不转弯背对我的力量它自己却受伤
like,双刀的右下方我挥刀去了断将恩怨全看穿丹凤眼的目光
happiness,怎麽隐藏我的悲伤失去妳的地方
like,妳的发香散的匆忙我已经跟不上
like,闭上眼睛还能看见你离去的痕迹
happiness,在月光下一直找寻那想念的身影
disgust,如果说分手是苦痛的起点那在终点之前我愿意再爱一遍
sadness,想要对妳说的不敢说的爱会不会有人可以明白
like,我会发着呆然後忘记你接着紧紧闭上眼
like,想着那一天会有人代替让我不再想念你
happiness,我会发着呆然後微微笑接着紧紧闭上眼
sadness,又想了一遍妳温柔的脸在我忘记之前
like,闭上眼睛还能看见你离去的痕迹
happiness,在月光下一直找寻那想念的身影
disgust,如果说分手是苦痛的起点那在终点之前我愿意再爱一遍
sadness,想要对妳说的不敢说的爱会不会有人可以明白
like,我会发着呆然後忘记你接着紧紧闭上眼
like,想着那一天会有人代替让我不再想念你
like,我会发着呆然後忘记你接着紧紧闭上眼
like,想着那一天会有人代替让我不再想念你
happiness,我会发着呆然後微微笑接着紧紧闭上眼
sadness,又想了一遍妳温柔的脸在我忘记之前
like,心里的眼泪模糊了视线你已快看不见
anger,断了的弦再怎麽练我的感觉妳已听不见
disgust,妳的转变像断掉的弦再怎麽接音都不对妳的改变我能够分辨
disgust,我沉默妳的话也不多我们之间少了什麽不说哎呦
disgust,微笑後表情终於有点难过握着你的手问妳确定了再走
anger,我突然释怀的笑笑声盘旋半山腰随风在飘摇啊摇来到妳的面前绕
disgust,妳泪水往下的掉说会记住我的好我也弯起了嘴角笑
disgust,妳的美已经给了谁追了又追我要不回
disgust,我了解离开树的叶属於地上的世界凋谢
disgust,断了的弦再弹一遍我的世界妳不在里面
like,我的指尖已经弹出茧还是无法留妳在我身边
anger,断了的弦再怎麽练我的感觉妳已听不见
disgust,妳的转变像断掉的弦再怎麽接音都不对妳的改变我能够分辨
disgust,我沉默妳的话也不多我们之间少了什麽不说哎呦
disgust,微笑後表情终於有点难过握着你的手问妳确定了再走
anger,我突然释怀的笑笑声盘旋半山腰随风在飘摇啊摇来到妳的面前绕
disgust,妳泪水往下的掉说会记住我的好我也弯起了嘴角笑
disgust,妳的美已经给了谁追了又追我要不回
disgust,我了解离开树的叶属於地上的世界凋谢
disgust,断了的弦再弹一遍我的世界妳不在里面
like,我的指尖已经弹出茧还是无法留妳在我身边
anger,断了的弦再怎麽练我的感觉妳已听不见
disgust,妳的转变像断掉的弦再怎麽接音都不对妳的改变我能够分辨
like,在我地盘这你就得听我的
like,把音乐收割用听觉找快乐
like,开始在雕刻我个人的特色
disgust,未来难预测坚持当下的选择
like,在我地盘这你就得听我的
like,节奏在招惹我跟街舞亲热
like,我灌溉原则培养一种独特
like,观念不及格其它全部是垃圾
disgust,用态度扩张地盘到底什麽意思怎麽一回事
like,广场的鸽子占领头版的报纸
happiness,一种全新的解释标题关於这座城市
anger,关於一种学习考试和年轻就该有的本事
happiness,动感地带的交通号志到底离我有几公尺
like,我说老师我是不是真的不懂事
like,听我念饶舌歌词欣赏我打拳的样子
disgust,我站在教室练拳方式你的样子线条一致
like,隔壁的小姑娘公开表演需要勇气
sadness,别人玩线上游戏我偏耍猴戏
disgust,我用形意猴拳在练习引你注意如果觉得有趣不要吝啬示个好意
like,青春是乾净的纯白像一遍绿地的窗外
disgust,我将记忆的门打开把所有发生的事记下来
like,在我地盘这你就得听我的
like,把音乐收割用听觉找快乐
like,开始在雕刻我个人的特色
disgust,未来难预测坚持当下的选择
like,在我地盘这你就得听我的
like,节奏在招惹我跟街舞亲热
like,我灌溉原则培养一种独特
like,观念不及格其它全部是垃圾
anger,那弹钢琴的孩子正用他们的手指弹奏未来的历史
anger,我用手机传中文字那传输的速度绝对会让你们竖起大姆指
sadness,生活不该有公式我可以随性跳芭蕾舞
disgust,照节拍手放开静下来像一只天鹅把脚尖踮起来
like,讲究吃速食的这年代也可以很天真的说爱
like,在我地盘这你就得听我的
like,把音乐收割用听觉找快乐
like,开始在雕刻我个人的特色
disgust,未来难预测坚持当下的选择
like,在我地盘这你就得听我的
like,节奏在招惹我跟街舞亲热
like,我灌溉原则培养一种独特
like,观念不及格其它全部是垃圾
like,在我地盘这你就得听我的
like,把音乐收割用听觉找快乐
like,开始在雕刻我个人的特色
disgust,未来难预测坚持当下的选择
like,在我地盘这你就得听我的
like,把音乐收割用听觉找快乐
like,开始在雕刻我个人的特色
disgust,未来难预测坚持当下的选择
like,在我地盘这你就得听我的
like,节奏在招惹我跟街舞亲热
like,我灌溉原则培养一种独特
like,观念不及格其它全部是垃圾
like,窗外的麻雀在电线杆上多嘴妳说这一句很有夏天的感觉
happiness,手中的铅笔在纸上来来回回我用几行字形容妳是我的谁
happiness,秋刀鱼的滋味猫跟妳都想了解
disgust,初恋的香味就这样被我们寻回
disgust,那温暖的阳光像刚摘的鲜艳草莓你说妳舍不得吃掉这一种感觉
sadness,雨下整夜我的爱溢出就像雨水
like,院子落叶跟我的思念厚厚一叠
happiness,几句是非也无法将我的热情冷却
disgust,妳出现在我诗的每一页
sadness,雨下整夜我的爱溢出就像雨水
like,窗台蝴蝶像诗里纷飞的美丽章节
disgust,我接着写把永远爱妳写进诗的结尾
like,妳是我唯一想要的了解
sadness,雨下整夜我的爱溢出就像雨水
like,院子落叶跟我的思念厚厚一叠
happiness,几句是非也无法将我的热情冷却
disgust,妳出现在我诗的每一页
disgust,那饱满的稻穗幸福了这个季节而妳的脸颊像田里熟透的番茄
sadness,妳突然对我说七里香的名字很美我此刻却只想亲吻妳倔强的嘴
sadness,雨下整夜我的爱溢出就像雨水
like,院子落叶跟我的思念厚厚一叠
happiness,几句是非也无法将我的热情冷却
disgust,妳出现在我诗的每一页
sadness,整夜我的爱溢出就像雨水
like,窗台蝴蝶像诗里纷飞的美丽章节
disgust,我接着写把永远爱妳写进诗的结尾
like,妳是我唯一想要的了解
disgust,翻着我们的照片想念若隐若现去年的冬天我们笑得很甜
sadness,看着妳哭泣的脸对着我说再见来不及听见妳已走得很远
like,也许妳已经放弃我也许已经很难回头
like,我知道是自己错过请再给我一个理由说妳不爱我
like,就算是我不懂能不能原谅我
like,请不要把分手当作妳的请求
happiness,我知道坚持要走是妳受伤的藉口
happiness,请妳回头我会陪妳一直走到最後
like,就算没有结果我也能够承受
like,我知道妳的痛是我给的承诺
happiness,妳说给过我纵容沉默是因为包容
like,如果要走请妳记得我
disgust,翻着我们的照片想念若隐若现去年的冬天我们笑得很甜
sadness,看着妳哭泣的脸对着我说再见来不及听见妳已走得很远
like,也许妳已经放弃我也许已经很难回头
like,我知道是自己错过请再给我一个理由说妳不爱我
like,就算是我不懂能不能原谅我
like,请不要把分手当作妳的请求
happiness,我知道坚持要走是妳受伤的藉口
happiness,请妳回头我会陪妳一直走到最後
like,就算没有结果我也能够承受
like,我知道妳的痛是我给的承诺
happiness,妳说给过我纵容沉默是因为包容
like,如果要走请妳记得我
like,如果难过请妳忘了我
like,今天是外婆生日我换上复古西装载着外婆开着拉风的古董车兜兜兜风
disgust,车里放着她的最爱找回属于是她的时代
disgust,往大稻程码头开去把所有和外公的往事静静回忆
happiness,外婆她脸上的涟漪美丽但藏不住压抑
happiness,失去了爱情只盼望亲情弥补回应
happiness,大人们以为出门之前桌上放六百就算是孝敬
disgust,一天到晚拼了命赚钱少了关怀有什么意义
like,外婆她的期待慢慢变成无奈
sadness,大人们始终不明白她要的是陪伴而不是六百块比你给的还简单
anger,外婆她的无奈无法变成期待只有爱才能够明白
disgust,走在淡水河畔听着她的最爱把温暖放回口袋
disgust,记得去年外婆的生日表哥带我和外婆参加她最最重视的颁奖典礼结果却拿不到半个奖
like,不知道该笑不笑我对着镜头傻笑只觉得自己可笑
happiness,我难过却不是因为没有得奖而难过
like,我失落是因为看到外婆失落而失落
like,大人们根本不能体会表哥他的用心
like,好像随他们高兴就可以彻底的否定否定我的作品
like,决定在于心情想坚持风格他们他们就觉得很OK
like,没惊喜没有改变我已经听了三年
like,我告诉外婆我没输不需要改变
like,表哥说不要觉得可惜这只是一场游戏
sadness,只要外婆觉得好听那才是一种鼓励
happiness,外婆露出了笑容说她以我为荣
sadness,浅浅的笑容就让我感到比得奖它还要光荣
disgust,外婆她的期待慢慢变成无奈大人们始终不明白
disgust,她要的是陪伴而不是六百块比你给的还简单
anger,外婆她的无奈无法期待有爱才能够明白
anger,走在河畔听着最爱把温暖放口袋
disgust,外婆她的期待慢慢变成无奈大人们始终不明白
disgust,她要的是陪伴而不是六百块比你给的还简单
anger,外婆她的无奈无法变成期待只有爱才能够明白
disgust,走在淡水河畔听着他的最爱把温暖放回口袋
sadness,时间的箭头都指向你铩羽而归的地方
disgust,你会前进但终究还是得要习惯投降
like,想当然耳第六步是你最大的致命伤
disgust,我按兵不动出於习惯凡事沈默的酝酿
like,当头炮纯粹出於我礼貌的开场
disgust,屏风马神华内敛才能以柔克刚
sadness,第二十六着炮五进四只是在试探性衡量
like,三十三招车二平七的出手你恐怕就暗箭难防
like,这一场不流血的仗只有自尊会受伤
like,成王败寇的铁则跟现实没啥两样
like,提着鸟笼的老头站在一旁拍我肩膀
like,我猜他想的应该和我一样
disgust,看我我手指放松我目光如龙当敌人是空
sadness,我战法无穷我攻势如风用单车入宫碾过你懊丧的脸孔
disgust,管我我手指放松我目光如龙当敌人是空
disgust,我左右开弓我气势如虹将炮马尽用兵临城下想逃都没用
like,我对着潮汐推敲什麽是以静制动
like,山林间迷雾能不能当障眼法的内容
like,月转星移的轨迹跟临军布阵相同
like,风林火山是不是用兵之重
like,到最後必然是我运筹帷幄你最後放弃抵抗
disgust,我仰望着夕阳你低头黯然离场听我说胜败是兵家之常
like,你不用放在心上是因为我只适合无双
disgust,看我我手指放松我目光如龙当敌人是空
sadness,我战法无穷我攻势如风用单车入宫碾过你懊丧的脸孔
disgust,管我我手指放松我目光如龙当敌人是空
disgust,我左右开弓我气势如虹将炮马尽用兵临城下想逃都没用
disgust,看我我手指放松我目光如龙当敌人是空
like,阳光从树叶细缝露出了笑容
sadness,我战法无穷我攻势如风用单车入宫碾过你懊丧的脸孔温暖了我的美梦
disgust,管我我手指放松我目光如龙当敌人是空
like,只有笼里的画眉羡慕着天空
disgust,我左右开弓我气势如虹将炮马尽用兵临城下想逃都没用却从来没有人懂
disgust,看我我手指放松我目光如龙当敌人是空
like,阳光从树叶细缝露出了笑容
sadness,我战法无穷我攻势如风用单车入宫碾过你懊丧的脸孔温暖了我的美梦
disgust,管我我手指放松我目光如龙当敌人是空
like,只有笼里的画眉羡慕着天空
disgust,我左右开弓我气势如虹将炮马尽用却从来没有人懂
like,久未放晴的天空依旧留着妳的笑容
like,哭过却无法掩埋歉疚
sadness,风筝在阴天搁浅想念还在等待救援
like,我拉着线复习妳给的温柔
like,曝晒在一旁的寂寞笑我给不起承诺
disgust,怎麽会怎麽会妳竟原谅了我
disgust,我只能永远读着对白读着我给妳的伤害
disgust,我原谅不了我就请妳当作我已不在
like,我睁开双眼看着空白忘记妳对我的期待
like,读完了依赖我很快就离开
like,久未放晴的天空依旧留着妳的笑容
like,哭过却无法掩埋歉疚
sadness,风筝在阴天搁浅想念还在等待救援
like,我拉着线复习妳给的温柔
like,曝晒在一旁的寂寞笑我给不起承诺
disgust,怎麽会怎麽会妳竟原谅了我
disgust,我只能永远读着对白读着我给妳的伤害
disgust,我原谅不了我就请妳当作我已不在
like,我睁开双眼看着空白忘记妳对我的期待
like,读完了依赖我很快就
disgust,我只能永远读着对白读着我给妳的伤害
disgust,我原谅不了我就请妳当作我已不在
like,我睁开双眼看着空白忘记妳对我的期待
like,读完了依赖我很快就离开
like,那混乱的年代朝廷太腐败人祸惹天灾
like,东汉王朝在一夕之间崩坏兴衰
like,九州地图被人们切割成三块分开
disgust,读三国历史的兴衰想去瞧个明白
like,看看看就马上回来
sadness,刀剑棍棒我随口讲原来真有时光机这么夸张
like,穿梭时空过瘾又嚣张
like,万一有去无回怎么办老实说有点紧张啊啊
like,江山我站在云端慢慢往中原方向
disgust,前方散落着村庄长安在兵荒马乱
anger,望着天眼看北斗七星坠入地平线
like,瞬间英雄豪杰犹如鬼魅般地出现
anger,我呸谁也不服谁我是龟你是鳖啦啦啦啦啦啦啦啦
happiness,妖兽扰乱人间秩序血腥如浪潮般来袭
sadness,我小命差点没续集还好有时光机我谢谢你
disgust,人魔开始重出地狱叛军如野火般攻击
happiness,五官差点离开身体还好有时光机我谢谢你
sadness,曹魏枭雄在蜀汉多人才东吴将士怪
like,七星连环败诸葛亮的天命不来
sadness,这些书都有记载不是我在乱掰
happiness,等到东方鱼肚白我再来跟你说嗨
like,嘴里有刀说破歌谣
like,千年恩怨一笔勾销
like,生命潦草我在弯腰
like,历史轮回转身忘掉
disgust,黄巾贼你不要吵倭咱姥姥和水擀面条
like,放下刀若想吃饱去找皇帝老爷讨
happiness,黄巾贼你不要闹倭咱姥姥烧柴煮水饺
like,放下刀若想吃饱去找皇帝老爷讨
happiness,妖兽扰乱人间秩序血腥如浪潮般来袭我
happiness,小命差点没续集还好有时光机我谢谢你
like,嘴里有刀说破歌谣
like,嘴里有刀说破歌谣
like,千年恩怨一笔勾销
like,千年恩怨一笔勾销
like,生命潦草我在弯腰
like,生命潦草我在弯腰
like,历史轮回转身忘掉
like,历史轮回转身忘掉
happiness,我在阴暗中降落世界在雨中淹没
sadness,画面与现实交错无法抽离卡在胸口
sadness,躯壳如行屍走肉陷阱漩涡我已受够挣脱逃离这个空洞
anger,如果我冲出黑幕笼罩的天空就别想捆绑我的自由
sadness,在狂风之中嘶吼作困兽之斗
like,我奋力冲破封闭的思绪震开裂缝
like,燃烧的花朵升空消失在空中
happiness,记忆在剥落残留的影响轮廓溃散在薄雾中
happiness,我在阴暗中降落世界在雨中淹没
sadness,画面与现实交错无法抽离卡在胸口
sadness,躯壳如行屍走肉陷阱漩涡我已受够挣脱逃离这个空洞
anger,如果我冲出黑幕笼罩的天空就别想捆绑我的自由
sadness,在狂风之中嘶吼作困兽之斗
like,我奋力冲破封闭的思绪震开裂缝
like,燃烧的花朵升空消失在空中
happiness,记忆在剥落残留的影响轮廓溃散在薄雾中
sadness,在狂风之中嘶吼作困兽之斗
like,我奋力冲破封闭的思绪震开裂缝
like,燃烧的花朵升空消失在空中
happiness,记忆在剥落残留的影响轮廓溃散在薄雾中
like,琥珀色黄昏像糖在很美的远方
happiness,你的脸没有化妆我却疯狂爱上
disgust,思念跟影子在傍晚一起被拉长
sadness,我手中那张入场券陪我数羊
like,薄荷色草地芬芳像风没有形状
like,我却能够牢记你的气质跟脸庞
happiness,冷空气跟琉璃在清晨很有透明感像我的喜欢被你看穿
sadness,摊位上一朵艳阳我悄悄出现你身旁
like,你慌乱的模样我微笑安静欣赏
like,我顶着大太阳只想为你撑伞
like,你靠在我肩膀深呼吸怕遗忘
like,因为捞鱼的蠢游戏我们开始交谈
like,多希望话题不断园游会永不打烊
like,汽球在我手上我牵着你瞎晃
like,有话想对你讲你眼睛却装忙
happiness,鸡蛋糕跟你嘴角果酱我都想要尝
disgust,园游会影片在播放这个世界约好一起逛
like,琥珀色黄昏像糖在很美的远方
happiness,你的脸没有化妆我却疯狂爱上
disgust,思念跟影子在傍晚一起被拉长
sadness,我手中那张入场券陪我数羊
like,薄荷色草地芬芳像风没有形状
like,我却能够牢记你的气质跟脸庞
happiness,冷空气跟琉璃在清晨很有透明感像我的喜欢被你看穿
sadness,摊位上一朵艳阳我悄悄出现你身旁
like,你慌乱的模样我微笑安静欣赏
like,我顶着大太阳只想为你撑伞
like,你靠在我肩膀深呼吸怕遗忘
like,因为捞鱼的蠢游戏我们开始交谈
like,多希望话题不断园游会永不打烊
like,汽球在我手上我牵着你瞎晃
like,有话想对你讲你眼睛却装忙
happiness,鸡蛋糕跟你嘴角果酱我都想要尝
disgust,园游会影片在播放这个世界约好一起逛
disgust,光轻如纸张光散落地方光在掌声渐息中它慌忙
like,她在传唱不堪的伤
happiness,脚本在台上演出最后一场
disgust,而全村的人们在座位上静静的看时间如何遗弃这剧场
like,战火弄髒她的泪光谁在风中吵着吃糖
anger,这故事一开始的镜头灰尘就已经遮蔽了阳光
disgust,恐惧刻在孩子们脸上麦田已倒向战车经过的方向
happiness,蒲公英的形状在飘散它绝望的飞翔
like,她只唱只想这首止战之殇
like,恶夜燃烛光天破息战乱
like,殇歌传千里家乡平饥荒
happiness,天真在这条路上跌跌撞撞她被芒草割伤
sadness,孩子们眼中的希望是什么形状
happiness,是否醒来有面包当早餐再喝碗热汤
like,农夫被烧毁土地跟村庄终于拿起枪
happiness,她却慢慢习惯放弃了抵抗
sadness,孩子们眼中的希望是什么形状
sadness,是否院子有秋千可以荡口袋里有糖
sadness,刺刀的光被仇恨所擦亮在远方野蛮
like,而她却微笑着不知道慌张
disgust,恐惧刻在孩子们脸上麦田已倒向战车经过的方向
happiness,蒲公英的形状在飘散它绝望的飞翔
like,她只唱只想这首止战之殇
like,恶夜燃烛光天破息战乱
like,殇歌传千里家乡平饥荒
happiness,天真在这条路上跌跌撞撞她被芒草割伤
sadness,孩子们眼中的希望是什么形状
happiness,是否醒来有面包当早餐再喝碗热汤
like,农夫被烧毁土地跟村庄终于拿起枪
happiness,她却慢慢习惯放弃了抵抗
sadness,孩子们眼中的希望是什么形状
sadness,是否院子有秋千可以荡口袋里有糖
sadness,刺刀的光被仇恨所擦亮在远方野蛮
like,而她却微笑着不知道慌张
sadness,孩子们眼中的希望是什么形状
happiness,是否醒来有面包当早餐再喝碗热汤
like,农夫被烧毁土地跟村庄终于拿起枪
happiness,她却慢慢习惯放弃了抵抗
like,一群嗜血的蚂蚁被腐肉所吸引我面无表情看孤独的风景
anger,失去妳爱恨开始分明失去妳还有什麽事好关心
like,当鸽子不再象徵和平我终於被提醒广场上喂食的是秃鹰
happiness,我用漂亮的押韵形容被掠夺一空的爱情
disgust,啊乌云开始遮蔽夜色不乾净公园里葬礼的回音在漫天飞行
anger,送妳的白色玫瑰在纯黑的环境凋零乌鸦在树枝上诡异的很安静
disgust,静静听我黑色的大衣想温暖妳日渐冰冷的回忆走过的走过的生命
disgust,啊四周弥漫雾气我在空旷的墓地老去後还爱妳
sadness,为妳弹奏萧邦的夜曲纪念我死去的爱情
like,跟夜风一样的声音心碎的很好听
disgust,手在键盘敲很轻我给的思念很小心妳埋葬的地方叫幽冥
sadness,为妳弹奏萧邦的夜曲纪念我死去的爱情
happiness,而我为妳隐姓埋名在月光下弹琴
disgust,对妳心跳的感应还是如此温热亲近怀念妳那鲜红的唇印
disgust,那些断翅的蜻蜓散落在这森林而我的眼睛没有丝毫同情
like,失去妳泪水混浊不清失去妳我连笑容都有阴影
disgust,风在长满青苔的屋顶嘲笑我的伤心像一口没有水的枯井
happiness,我用凄美的字型描绘後悔莫及的那爱情
sadness,为妳弹奏萧邦的夜曲纪念我死去的爱情
like,跟夜风一样的声音心碎的很好听
disgust,手在键盘敲很轻我给的思念很小心妳埋葬的地方叫幽冥
sadness,为妳弹奏萧邦的夜曲纪念我死去的爱情
happiness,而我为妳隐姓埋名在月光下弹琴
disgust,对妳心跳的感应还是如此温热亲近怀念妳那鲜红的唇印
like,一群嗜血的蚂蚁被腐肉所吸引我面无表情看孤独的风景
anger,失去妳爱恨开始分明失去妳还有什麽事好关心
like,当鸽子不再象徵和平我终於被提醒广场上喂食的是秃鹰
happiness,我用漂亮的押韵形容被掠夺一空的爱情
like,亘古长夜善恶交接我终於懂得流眼泪
like,洪荒世界百分之七十都是水湛蓝的旷野
sadness,在海平面渴望满月於是我终於学会告解
like,弥赛亚被世人误解被分类爱恨从此敌对
like,远离风暴浩劫在第三章第四节
like,我正在改写这世界
like,用观念进行侵略我们占领整条街
like,粉刷海洋蓝的季节
happiness,一列超高速的地铁一路训练我的听觉
like,消灭那些太琐碎太异类让问题尖锐oh
disgust,一双狂奔中的球鞋一路强壮着我的肺
like,面对这些太威胁太强烈从来不喊累oh
like,九星联结排成一列在感动中我们忏悔
like,生命珍贵我用那十四行诗赞美年轻的一切
sadness,我们在地平线感谢爱停止向另一边倾斜
sadness,这首部曲的管弦乐太凄美终於被人了解
disgust,远离风暴浩劫耍狠不是靠对嘴我就是传说中的谁
anger,你跟我们很对味有同一挂的感觉其他人我根本不屑
happiness,一列超高速的地铁一路训练我的听觉
like,消灭那些太琐碎太异类让问题尖锐
disgust,一双狂奔中的球鞋一路强壮着我的肺
like,面对这些太威胁太强烈从来不喊累
like,狼牙月伊人憔悴
like,我举杯饮尽了风雪
like,是谁打翻前世柜惹尘埃是非
like,缘字诀几番轮回
like,妳锁眉哭红颜唤不回
sadness,纵然青史已经成灰我爱不灭
sadness,繁华如三千东流水我只取一瓢爱了解只恋妳化身的蝶
like,妳发如雪凄美了离别
like,我焚香感动了谁
happiness,邀明月让回忆皎洁爱在月光下完美
like,妳发如雪纷飞了眼泪
like,我等待苍老了谁
happiness,红尘醉微醺的岁月
sadness,我用无悔刻永世爱妳的碑
like,妳发如雪凄美了离别
like,我焚香感动了谁
happiness,邀明月让回忆皎洁爱在月光下完美
like,妳发如雪纷飞了眼泪
like,我等待苍老了谁
happiness,红尘醉微醺的岁月
sadness,我用无悔刻永世爱妳的碑
like,狼牙月伊人憔悴
like,我举杯饮尽了风雪
like,是谁打翻前世柜惹尘埃是非
like,缘字诀几番轮回
like,妳锁眉哭红颜唤不回
sadness,纵然青史已经成灰我爱不灭
sadness,繁华如三千东流水我只取一瓢爱了解只恋妳化身的蝶
like,妳发如雪凄美了离别
like,我焚香感动了谁
happiness,邀明月让回忆皎洁爱在月光下完美
like,妳发如雪纷飞了眼泪
like,我等待苍老了谁
happiness,红尘醉微醺的岁月
sadness,我用无悔刻永世爱妳的碑
sadness,一件黑色毛衣两个人的回忆
like,雨过之後更难忘记忘记我还爱你
like,你不用在意流泪也只是刚好而已
like,我早已经待在谷底
happiness,我知道不能再留住你也知道不能没有骨气
like,感激你让我拥有秋天的美丽
like,看着那白色的蜻蜓在空中忘了前进
like,还能不能重新编织脑海中起毛球的记忆
like,再说我爱你可能雨也不会停
happiness,黑色毛衣藏在哪里就让回忆永远停在那里
sadness,一件黑色毛衣两个人的回忆
like,雨过之後更难忘记忘记我还爱你
like,你不用在意流泪也只是刚好而已
like,我早已经待在谷底
happiness,我知道不能再留住你也知道不能没有骨气
like,感激你让我拥有秋天的美丽
like,看着那白色的蜻蜓在空中忘了前进
like,还能不能重新编织脑海中起毛球的记忆
like,再说我爱你可能雨也不会停
happiness,黑色毛衣藏在哪里就让回忆永远停在那里
like,看着那白色的蜻蜓在空中忘了前进
like,还能不能重新编织脑海中起毛球的记忆
like,再说我爱你可能雨也不会停
happiness,黑色毛衣藏在哪里就让回忆永远停在那里
disgust,我的生活像拍了一出戏有超多导演跟编剧
disgust,只说了台词一句而他们配了八百个语气操控着我的情绪
disgust,那根本不是我的口气想让观众看好戏
like,最後的目的还不是在促进收视率
like,我不知道我有没有勇气摘下他们的面具
sadness,我只知道好像认真的男人最美丽
like,会不会一直演下去让他们满意
disgust,啦啦啦啦啦啦啦啦啦啦啦啦我不可能再回头
disgust,啦啦啦啦啦啦啦啦啦啦啦我只能一直往前走
disgust,我在回家路上看到路标指着演艺圈如果选择往前走我就必需强壮
like,走着走着莫名其妙冲出来好几只狗
disgust,我心想我什麽时候认养那麽多只狗
happiness,他们咬着苹果手里拿着长镜头好像要对着我诉说什麽阴谋
disgust,会说话的狗他说他是为了狗周刊看能不能拍我多换几根骨头
like,如果伤害我是你的天性那怜悯是我的座右铭
disgust,需要我照亮你回家的路那我会送你们手电筒
disgust,我告诉他们八卦是会过去的新闻是一时的生活是永久的
like,音乐是会留下来的我帮他们写了歌因为我没写过保育动物之类的歌
like,我始终还是我谁都改变不了我
happiness,虽然我知道很多弓箭手想射下往上爬的我
happiness,当我到了山顶上头谁都伤不了我
happiness,这些弓箭手辛苦了你们提笔的手
disgust,我还是会把你们当朋友因为我知道这是你们大家的工作
like,加油咬着苹果的狗
like,虽然不是我的对手还是可以成为我的狗
disgust,啦啦啦啦啦啦啦啦啦啦啦啦我不可能再回头
disgust,啦啦啦啦啦啦啦啦啦啦啦我只能一直往前走
like,乌云在我们心里搁下一块阴影
disgust,我聆听沉寂已久的心情清晰透明就像美丽的风景总在回忆里才看的清
sadness,被伤透的心能不能够继续爱我
like,我用力牵起没温度的双手
disgust,过往温柔已经被时间上锁只剩挥散不去的难过
like,缓缓飘落的枫叶像思念
like,我点燃烛火温暖岁末的秋天
happiness,极光掠夺天边北风掠过想你的容颜
disgust,我把爱烧成了落叶却换不回熟悉的那张脸
like,缓缓飘落的枫叶像思念
like,为何挽回要赶在冬天来之前
disgust,爱你穿越时间两行来自秋末的眼泪
happiness,让爱渗透了地面我要的只是你在我身边
sadness,被伤透的心能不能够继续爱我
like,我用力牵起没温度的双手
disgust,过往温柔已经被时间上锁只剩挥散不去的难过
happiness,在山腰间飘逸的红雨随着北风凋零
like,我轻轻摇曳风铃想唤醒被遗弃的爱情
disgust,雪花已铺满了地深怕窗外枫叶已结成冰
like,缓缓飘落的枫叶像思念
like,我点燃烛火温暖岁末的秋天
happiness,极光掠夺天边北风掠过想你的容颜
disgust,我把爱烧成了落叶却换不回熟悉的那张脸
like,缓缓飘落的枫叶像思念
like,为何挽回要赶在冬天来之前
disgust,爱你穿越时间两行来自秋末的眼泪
happiness,让爱渗透了地面我要的只是你在我身边
happiness,轻轻放我就是卸不下对你的喜欢原来爱会慢慢增加重量
disgust,想关上这城市所有的灯光黑暗中专心闻你的发香
like,这夜晚让暗恋很有画面感
disgust,回想与你约会过的地方有舍不得删在脑海里储存欣赏
anger,你微笑浏览手机里的浪漫原来真心送出爱是这么简单
anger,温习银幕上你可爱的模样
like,关于缘分的解释我又多传了一行
like,你微笑浏览手机里的浪漫原来爱情可以来得这么突然
disgust,短信的桥梁将暧昧期拉长我们的感情蔓延滋长
like,用文字培养在虚拟土壤
disgust,电视唱吵杂的情歌还在拼命播放我安静在闹区等来电铃响
like,有一些话打好了却不敢传怕收到信息的你在为难
disgust,街道上人潮衬托我的孤单想象谁幸运的陪在你身旁
disgust,却误会一场你也在等你手机响
anger,你微笑浏览手机里的浪漫原来真心送出爱是这么简单
anger,温习银幕上你可爱的模样
like,关于缘分的解释我又多传了一行
like,你微笑浏览手机里的浪漫原来爱情可以来得这么突然
disgust,短信的桥梁将暧昧期拉长我们的感情蔓延滋长
like,用文字培养在虚拟土壤
disgust,而生命对每个人都不公平也没道理只能扑向泥泞迎向那阵骤雨由不得你
disgust,突来的骤雨这条街一路泥泞就像人生不过是一场即兴
disgust,整个世界正在对我们挑衅就算如此还是得无惧前进
disgust,手中的邮报封面的人在微笑下个路口生命在暗巷尖叫
disgust,活着只是油墨上面的一角明天之後还有谁翻阅得得到
disgust,我跟你用不同方式踩过前方带刺荆棘你嚣张不畏惧退缩我低头沈默却坚定
like,用力的还击发出声音让他们安静不敢相信
disgust,继续前进他们畏惧睁大眼睛他们躲避然後放弃专心聆听我的声音
disgust,而生命对每个人都不公平也没道理只能扑向泥泞迎向那阵骤雨由不得你
disgust,如果生命对每个人都不公平也没道理那就让我带着孤寂继续前进直到光明
anger,我我我只有一种容貌我就是永远不会倒我就算逆境环绕我面对也要带着笑
disgust,我只有一种咆哮我要让他们都知道我生命再怎麽粗糙我都要活得很骄傲
disgust,我说自尊啊看起来或许可笑但它至少撑着我试着不让我跌倒
disgust,活着如果只是不甘寂静的喧嚣那就咆哮吧让每个人都能听得到
like,用力的还击发出声音让他们安静不敢相信
disgust,继续前进他们畏惧睁大眼睛他们躲避然後放弃专心聆听我的声音
disgust,而生命对每个人都不公平也没道理只能扑向泥泞迎向那阵骤雨由不得你
disgust,如果生命对每个人都不公平也没道理那就让我带着孤寂继续前进直到光明
disgust,而生命对每个人都不公平也没道理只能扑向泥泞迎向那阵骤雨由不得你
disgust,如果生命对每个人都不公平也没道理那就让我带着孤寂继续前进直到光明
disgust,而生命对每个人都不公平也没道理只能扑向泥泞迎向那阵骤雨由不得你
disgust,如果生命对每个人都不公平也没道理那就让我带着孤寂继续前进
disgust,这蜿蜒的微笑拥抱山丘溪流跟风唱起歌
like,我像田园诗人般解读眼前的生活
like,麦田弯腰低头在垂钓温柔
like,这整座山谷都是风笛手
like,我在哑口聆听传说跟着童话故事走
like,远方的风车远距离诉说
like,那幸福在深秋满满的被收割
anger,老仓库的角落我们数着一麻袋的爱跟快乐初恋的颜色
disgust,我牵着你的手经过种麦芽糖的山坡
happiness,香浓的诱惑你脸颊微热吐气在我的耳朵
like,摘下麦芽糖熟透我醒来还笑着
happiness,开心的被黏手我满嘴都是糖果
happiness,牵着你的手经过种麦芽糖的山坡
disgust,甜蜜的四周我低头害羞我们愉快的梦游
like,我在草地上喝着麦芽糖酿的酒
like,鲜嫩的小时候我好想再咬一口
disgust,这蜿蜒的微笑拥抱山丘溪流跟风唱起歌
like,我像田园诗人般解读眼前的生活
like,麦田弯腰低头在垂钓温柔
like,这整座山谷都是风笛手
like,我在哑口聆听传说跟着童话故事走
like,远方的风车远距离诉说
like,那幸福在深秋满满的被收割
anger,老仓库的角落我们数着一麻袋的爱跟快乐初恋的颜色
disgust,我牵着你的手经过种麦芽糖的山坡
happiness,香浓的诱惑你脸颊微热吐气在我的耳朵
like,摘下麦芽糖熟透我醒来还笑着
happiness,开心的被黏手我满嘴都是糖果
happiness,牵着你的手经过种麦芽糖的山坡
disgust,甜蜜的四周我低头害羞我们愉快的梦游
like,我在草地上喝着麦芽糖酿的酒
like,鲜嫩的小时候我好想再咬一口
disgust,我牵着你的手经过种麦芽糖的山坡
happiness,香浓的诱惑你脸颊微热吐气在我的耳朵
like,摘下麦芽糖熟透我醒来还笑着
happiness,开心的被黏手我满嘴都是糖果
happiness,牵着你的手经过种麦芽糖的山坡
disgust,甜蜜的四周我低头害羞我们愉快的梦游
like,我在草地上喝着麦芽糖酿的酒
like,鲜嫩的小时候我好想再咬一口
disgust,海平面远方开始阴霾悲伤要怎麽平静纯白
sadness,我的脸上始终夹带一抹浅浅的无奈
like,你用唇语说你要离开
like,那难过无声慢了下来
happiness,汹涌潮水你听明白不是浪而是泪海
disgust,转身离开你有话说不出来
like,海鸟跟鱼相爱只是一场意外
sadness,我们的爱差异一直存在
like,风中尘埃等待竟累积成伤害
like,转身离开分手说不出来
like,蔚蓝的珊瑚海错过瞬间苍白
like,当初彼此不够成熟坦白
like,热情不在你的笑容勉强不来
like,爱深埋珊瑚海
disgust,毁坏的沙雕如何重来有裂痕的爱怎麽重盖
happiness,只是一切结束太快妳说妳无法释怀
disgust,贝壳里隐藏什麽期待我们也已经无心再猜
like,面向海风咸咸的爱尝不出还有未来
like,转身离开分手说不出来
like,蔚蓝的珊瑚海错过瞬间苍白
like,当初彼此不够成熟坦白
like,热情不在你的笑容勉强不来
like,爱深埋珊瑚海
anger,找支笔写下日记记录勇气我可以对着墙壁让拳头叛逆
disgust,呼吸天窗玻璃打开我的身体这里引擎声就像是一种乐器
sadness,所以风呼啸而过刺激所以我在转弯飘
disgust,移加足了马力飙到底看仔细零到一百公里谁敢与我为敌
disgust,我用第一人称在飘移青春输跟赢的分寸计算的很精准
disgust,我踏上风火轮在飘移青春故事中的我们在演自己的人生
anger,胜败的对比是残酷的可以运气从来就不在我这里
like,实力没办法模拟飘移人车一体飘移
happiness,笑看后视镜的自己啊点火继续事关荣誉
disgust,我除了第一其他没有兴趣我安静的喝饮料轻松的笑
disgust,我用第一人称在飘移青春输跟赢的分寸计算的很精准
disgust,我踏上风火轮在飘移青春故事中的我们在演自己的人生
sadness,后视镜里的世界越来越远的道别
like,你转身向北侧脸还是很美
like,我用眼光去追竟听见你的泪
happiness,在车窗外面徘徊是我错失的机会
disgust,你站的方位跟我中间隔着泪
happiness,街景一直在后退你的崩溃在窗外零碎
disgust,我一路向北离开有你的季节
disgust,你说你好累已无法再爱上谁
disgust,风在山路吹过往的画面全都是我不对
like,细数惭愧我伤你几回
happiness,在车窗外面徘徊是我错失的机会
disgust,你站的方位跟我中间隔着泪
happiness,街景一直在后退你的崩溃在窗外零碎
disgust,我一路向北离开有你的季节
disgust,方向盘周围回转着我的后悔
sadness,我加速超越却甩不掉紧紧跟随的伤悲
like,细数惭愧我伤你几回
like,停止狼狈就让错纯粹
anger,吓命有几回合擂台等着
like,生死状赢了什么冷笑着
like,天下谁的第一又如何
like,止干戈我辈尚武德
happiness,我的拳脚了得却奈何徒增虚名一个
happiness,江湖难测谁是强者谁争一统武林的资格
disgust,小城里岁月流过去清澈的勇气
disgust,洗涤过的回忆我记得你骄傲的活下去
happiness,霍霍霍霍霍霍霍霍霍家拳的套路招式灵活
disgust,我我我我我我我我我我活着生命就该完整渡过
disgust,我我我我我我我我过错软弱从来不属于我
happiness,霍霍霍霍霍霍霍霍我们精武出手无人能躲
happiness,1983年小巷12月晴朗夜的第七章
like,打字机继续推向接近事实的那下一行
sadness,石楠烟斗的雾飘向枯萎的树沉默的对我哭诉
happiness,贝克街旁的圆形广场盔甲骑士臂上
like,鸢尾花的徽章微亮
like,无人马车声响深夜的拜访
happiness,邪恶在维多利亚的月光下血色的开场
happiness,消失的手枪焦黑的手杖融化的蜡像
like,谁不在场珠宝箱上符号的假象
like,矛盾通往他堆沏的死巷证据被完美埋葬
like,那嘲弄苏格兰警场的嘴角上扬
like,如果邪恶是华丽残酷的乐章
disgust,那麽正义是深沉无奈的惆怅它的终场我会亲手写上
like,那我就点亮在灰烬中的微光
sadness,晨曦的光乾最後一行忧伤
like,那麽雨滴会清洗黑暗的高墙
disgust,黑色的墨染上安详
sadness,散场灯关上红色的布幕下降
like,事实只能穿向没有脚印的土壤
like,突兀的细微花香刻意显眼的服装
disgust,每个人为不同的理由戴着面具说谎动机也只有一种名字那叫做欲望
disgust,越过人性的沼泽谁真的可以不被弄脏我们可以遗忘原谅但必须知道真相
disgust,被移动过的铁床那最後一块图终於拼上
like,我听见脚步声预料的软皮鞋跟
like,他推开门晚风晃了煤油灯一阵
like,打字机停在凶手的名称我转身
sadness,西敏寺的夜空开始沸腾在胸口绽放艳丽的死亡
like,我品尝这最後一口甜美的真相微笑回想正义只是安静的伸张
like,提琴在泰晤士
like,如果邪恶是华丽残酷的乐章
like,脚步声预料的软皮鞋跟
disgust,他推开门晚风晃了煤油灯一阵它的终场我会亲手写上
like,打字机停在凶手的名称我转身
like,西敏寺的夜空开始沸腾黑色的墨染上安详
disgust,如果邪恶是华丽残酷的乐章它的终场我会亲手写上
disgust,晨曦的光风乾最後一行忧伤黑色的墨染上安详
like,小朋友你是否有很多问号
disgust,为什麽别人在那看漫画我却在学画画对着钢琴说话
like,别人在玩游戏我却靠在墙壁背我的ABC
sadness,我说我要一台大大的飞机但却得到一台旧旧录音机
disgust,为什麽要听妈妈的话长大後你就会开始懂了这段话
disgust,长大後我开始明白为什麽我跑得比别人快飞得比别人高
anger,将来大家看的都是我画的漫画大家唱的都是我写的歌
like,妈妈的辛苦不让你看见
like,温暖的食谱在她心里面
disgust,有空就多多握握她的手把手牵着一起梦游
like,听妈妈的话别让她受伤
sadness,想快快长大才能保护她
like,美丽的白发幸福中发芽
disgust,天使的魔法温暖中慈祥
like,在你的未来音乐是你的王牌
like,拿王牌谈个恋爱唉我不想把你教坏
like,还是听妈妈的话吧晚点再恋爱吧
disgust,我知道你未来的路但妈比我更清楚
disgust,你会开始学其他同学在书包写东写西但我建议最好写妈妈我会用功读书
disgust,用功读书怎麽会从我嘴巴说出不想你输所以要叫你用功读书
sadness,妈妈织给你的毛衣你要好好的收着因为母亲节到时我要告诉她我还留着
sadness,对了我会遇到周润发所以你可以跟同学炫耀赌神未来是你爸爸
sadness,我找不到童年写的情书你写完不要送人因为过两天你会在操场上捡到
like,你会开始喜欢上流行歌因为张学友开始准备唱吻别
like,听妈妈的话别让她受伤
sadness,想快快长大才能保护她
like,美丽的白发幸福中发芽
disgust,天使的魔法温暖中慈祥
like,听妈妈的话别让她受伤
sadness,想快快长大才能保护她
disgust,长大後我开始明白为什麽我跑得比别人快飞得比别人高
anger,将来大家看的都是我画的漫画大家唱的都是我写的歌
like,妈妈的辛苦不让你看见
like,温暖的食谱在她心里面
disgust,有空就多多握握她的手把手牵着一起梦游
like,听妈妈的话别让她受伤
sadness,想快快长大才能保护她
like,美丽的白发幸福中发芽
disgust,天使的魔法温暖中慈祥
disgust,屋檐如悬崖风铃如沧海我等燕归来
like,时间被安排演一场意外妳悄然走开
like,故事在城外浓雾散不开看不清对白
like,妳听不出来风声不存在是我在感慨
like,梦醒来是谁在窗台把结局打开
like,那薄如蝉翼的未来经不起谁来拆
disgust,我送妳离开千里之外妳无声黑白
like,沉默年代或许不该太遥远的相爱
disgust,我送妳离开天涯之外妳是否还在
like,琴声何来生死难猜用一生去等待
anger,闻泪声入林寻梨花白只得一行青苔
like,天在山之外雨落花台我两鬓斑白
anger,闻泪声入林寻梨花白只得一行青苔
like,天在山之外雨落花台我等妳来
like,一身琉璃白透明着尘埃妳无瑕的爱
disgust,妳从雨中来诗化了悲哀我淋湿现在
happiness,芙蓉水面采船行影犹在妳却不回来
like,被岁月覆盖妳说的花开过去成空白
like,梦醒来是谁在窗台把结局打开
like,那薄如蝉翼的未来经不起谁来拆
disgust,我送妳离开千里之外妳无声黑白
like,沉默年代或许不该太遥远的相爱
disgust,我送妳离开天涯之外妳是否还在
like,琴声何来生死难猜用一生去等待
like,如果华佗再世崇洋都被医治
like,外邦来学汉字激发我民族意识
like,马钱子决明子苍耳子还有莲子
sadness,黄药子苦豆子川楝子我要面子
sadness,用我的方式改写一部历史
like,没什麽别的事跟着我念几个字
like,山药当归枸杞GO
like,山药当归枸杞GO
like,看我抓一把中药服下一帖骄傲
like,我表情悠哉跳个大概
like,动作轻松自在你学不来
happiness,霓虹的招牌调整好状态
like,在华丽的城市等待醒来
like,我表情悠哉跳个大概
like,用书法书朝代内力传开
like,豪气挥正楷给一拳对白
like,结局平躺下来看谁厉害
like,练成什麽丹揉成什麽丸
like,鹿茸切片不能太薄
like,老师傅的手法不能这样乱抄
like,龟苓膏云南白药还有冬虫夏草
happiness,自己的音乐自己的药份量刚刚好
like,听我说中药苦抄袭应该更苦
like,快翻开本草纲目多看一些善本书
like,蟾苏地龙已翻过江湖
like,这些老祖宗的辛苦我们一定不能输
like,就是这个光就是这个光一起唱
like,就是这个光就是这个光
like,让我来调个偏方专治你媚外的内伤
disgust,已扎根千年的汉方有别人不知道的力量
like,我表情悠哉跳个大概
like,动作轻松自在你学不来
happiness,霓虹的招牌调整好状态
like,在华丽的城市等待醒来
like,我表情悠哉跳个大概
like,用书法书朝代内力传开
like,豪气挥正楷给一拳对白
like,结局平躺下来看谁厉害
like,蹲小疆尸蹲小疆尸蹲
like,又蹲小疆尸蹲暗巷点灯
like,又蹲小疆尸蹲钻萝卜坑
like,又蹲小疆尸蹲念咒语哼
like,蹲小疆尸蹲小疆尸蹲
like,又蹲小疆尸蹲暗巷点灯
like,又蹲小疆尸蹲钻萝卜坑
like,又蹲小疆尸蹲念咒语哼
disgust,天空灰得像哭过离开妳以後并没有更自由
like,酸酸的空气嗅出我们的距离
sadness,一幕锥心的结局像呼吸般无法停息
disgust,抽屉泛黄的日记榨乾了回忆那笑容是夏季
like,妳我的过去被顺时针的忘记
like,缺氧过後的爱情粗心的眼泪是多馀
disgust,我知道妳我都没有错只是忘了怎麽退後
happiness,信誓旦旦给了承诺却被时间扑了空
sadness,我知道我们都没有错只是放手会比较好过
like,最美的爱情回忆里待续
disgust,天空灰得像哭过离开妳以後并没有更自由
like,酸酸的空气嗅出我们的距离
sadness,一幕锥心的结局像呼吸般无法停息
disgust,抽屉泛黄的日记榨乾了回忆那笑容是夏季
like,妳我的过去被顺时针的忘记
like,缺氧过後的爱情粗心的眼泪是多馀
disgust,我知道妳我都没有错只是忘了怎麽退後
happiness,信誓旦旦给了承诺却被时间扑了空
sadness,我知道我们都没有错只是放手会比较好过
like,最美的爱情回忆里待续
like,中国风的歌曲有增无减
like,是好是坏问方文山最清楚
disgust,从娘子唱到双截棍东风破到发如雪
like,一路走来始终如一多样的曲风独爱中国风
disgust,我坚持风格我活在我的世界谁都插不上嘴
disgust,唱反调是我的本性出奇不意是我的个性
disgust,就算我站在山顶也只不过是个平民老百姓
like,但我的肩膀会有两块空地
happiness,那就是勇气与毅力我要做音乐上的皇帝
sadness,哼哼哈兮哼哼哈兮哼哼哈兮哼哼哈兮
like,下坡的路不费功夫别人已经帮你铺路
happiness,但我选择上坡因为我取名叫自负
like,谦虚和那虚伪就只差一个字
like,有时有点分不清因为我喜欢真实的自己
like,我不能够後退因为不是绿叶
like,如果只是点缀愿当皎洁明月
sadness,小草等待风吹不用靠你的背
like,假如天会很黑我会请嫦娥奔月
sadness,为什麽写这首歌我现在还找不到动机
like,不过用心听下去你会觉得更有意义
like,如果你对未来产生恐惧眼前雾蒙蒙一片
like,那是因为你没把眼镜给擦乾净
like,勇敢走下去这首歌会陪你前进
like,我常常在想宇宙只有一颗太阳
happiness,为什麽我的影子这麽多这麽像
like,战胜幻象和我一样喜欢模仿的朋友们
like,崇拜是件好事欣赏是种美德
disgust,但走在我後面我很担心别人会看不见你
happiness,到最後只是一个接一个的分身
like,这样的鼓励是否太直接太讽刺
like,老师在讲到底有没有在听啊
happiness,我告诉你做自己胜於跟太紧
like,最大的敌人就是那内心的自己
like,我不能够後退因为不是绿叶
like,如果只是点缀愿当皎洁明月
sadness,小草等待风吹不用靠你的背
like,假如天会很黑我会请嫦娥奔月
disgust,哎呦哎呦喔哎呦哎呦喔喔哎呦不错
disgust,哎呦哎呦喔哎呦哎呦喔喔哎呦好久不见
disgust,哎呦哎呦喔哎呦哎呦喔喔哎呦你的意思是
disgust,哎呦哎呦喔哎呦哎呦喔喔就是你没话讲的时候可以哎呦
like,橡树的绿叶啊白色的竹篱芭
happiness,好想告诉我的她这里像幅画
sadness,去年的圣诞卡镜子里的胡渣
like,画面开始没有她我还在装傻
like,说好为我泡花茶学习摆刀叉
like,学生宿舍空荡荡的家
anger,守着电话却等不到她
like,心里的雨倾盆而下也沾不湿她的发
sadness,泪晕开明信片上的牵挂那伤心原来没有时差
disgust,心里的雨倾盆而下却始终淋不到她
disgust,寒风经过院子里的枝桠也冷却了我手中的鲜花
like,橡树的绿叶啊白色的竹篱芭
happiness,好想告诉我的她这里像幅画
sadness,去年的圣诞卡镜子里的胡渣
like,画面开始没有她我还在装傻
like,说好为我泡花茶学习摆刀叉
like,学生宿舍空荡荡的家
anger,守着电话却等不到她
like,心里的雨倾盆而下也沾不湿她的发
sadness,泪晕开明信片上的牵挂那伤心原来没有时差
disgust,心里的雨倾盆而下却始终淋不到她
disgust,寒风经过院子里的枝桠也冷却了我手中的鲜花
like,心里的雨倾盆而下也沾不湿她的发
sadness,泪晕开明信片上的牵挂那伤心原来没有时差
disgust,心里的雨倾盆而下却始终淋不到她
disgust,寒风经过院子里的枝桠也冷却了我手中的鲜花
like,白色的风车安静的转着
disgust,真实的感觉梦境般遥远
like,甜甜的海水复杂的眼泪
like,看妳傻笑着握住我的手
like,梦希望没有尽头我们走到这就好
like,因为我不想太快走完这幸福
anger,很可惜没有祝福当爱妳并不孤独不会再让妳哭
like,我背妳走到最後能不能不要回头
like,妳紧紧的抱住我说妳不需要承诺
sadness,妳说我若一个人会比较自由
like,我不懂妳说什麽反正不会松手
like,我背妳走到最後能不能别想太多
like,会不会手牵着手晚一点才到尽头
like,妳说不该再相见只为了瞬间
like,谢谢妳让我听见因为我在等待永远
like,白色的风车安静的转着
disgust,真实的感觉梦境般遥远
like,甜甜的海水复杂的眼泪
like,看妳傻笑着握住我的手
like,梦希望没有尽头我们走到这就好
like,因为我不想太快走完这幸福
anger,很可惜没有祝福当爱妳并不孤独不会再让妳哭
like,我背妳走到最後能不能不要回头
like,妳紧紧的抱住我说妳不需要承诺
sadness,妳说我若一个人会比较自由
like,我不懂妳说什麽反正不会松手
like,我背妳走到最後能不能别想太多
like,会不会手牵着手晚一点才到尽头
like,妳说不该再相见只为了瞬间
like,谢谢妳让我听见因为我在等待永远
like,谢谢妳让我听见因为我在等待永远
happiness,你的嘴角微微上翘性感的无可救药
happiness,想像不到如此心跳你的一切都想要
disgust,软性的饮料上升的气泡我将对你的喜好一瓶装全喝掉
like,这里最不缺就是热闹你煽情给拥抱
disgust,烛火在燃烧有某种情调眼神失焦了几秒关於你的舞蹈
like,你慵懒的扭动着腰受不了
disgust,你随风飘扬的笑有迷迭香的味道
disgust,语带薄荷味的撒娇对我发出恋爱的讯号
happiness,你优雅地像一只猫动作轻盈地围绕
sadness,爱的甜味蔓延发酵暧昧来的刚好
disgust,软性的饮料上升的气泡我将对你的喜好一瓶装全喝掉
like,这里最不缺就是热闹你煽情给拥抱
disgust,烛火在燃烧有某种情调眼神失焦了几秒关於你的舞蹈
like,你慵懒的扭动着腰受不了
disgust,你随风飘扬的笑有迷迭香的味道
disgust,语带薄荷味的撒娇对我发出恋爱的讯号
happiness,你优雅地像一只猫动作轻盈地围绕
sadness,爱的甜味蔓延发酵暧昧来的刚好
happiness,你的嘴角微微上翘性感的无可救药
happiness,想像不到如此心跳你的一切都想要
happiness,你的唇膏鲜艳讨好一股自信的骄傲
like,什麽预兆气氛微妙因为爱你我知道
sadness,预兆气氛微妙因为爱你我知道
disgust,你的泪光柔弱中带伤
like,惨白的月儿弯弯固住过往
anger,夜太漫长凝结成了霜
like,是谁在阁楼上冰冷地绝望
disgust,雨轻轻叹朱红色的窗
like,我一生在纸上被风吹乱
disgust,梦在远方化成一缕香随风飘散你的模样
happiness,菊花残满地伤你的笑容已泛黄
like,花落人断肠我心事静静躺
like,北风乱夜未央你的影子剪不断
like,独留我孤单在湖面成双
like,花已向晚飘落了灿烂
disgust,凋谢的世道上命运不堪
like,愁莫渡江秋心拆两半
like,怕妳上不了岸一辈子摇晃
like,谁的江山马蹄声狂乱
like,我一身的戎装呼啸沧桑
happiness,天微微亮你轻声的叹一夜惆怅如此委婉
happiness,菊花残满地伤你的笑容已泛黄
like,花落人断肠我心事静静躺
like,北风乱夜未央你的影子剪不断
like,独留我孤单在湖面成双
like,想笑来伪装掉下的眼泪
like,点点头承认自己会怕黑
disgust,我只求能借一点的时间来陪你却连同情都不给
like,想哭来试探自己麻痹了没
like,全世界好像只有我疲惫
disgust,无所谓反正难过就敷衍走一回
like,但愿绝望和无奈远走高飞
disgust,天灰灰会不会让我忘了你是谁
disgust,夜越黑梦违背难追难回味
like,我的世界将被摧毁也许事与愿违
like,累不累睡不睡单影无人相依偎
like,夜越黑梦违背有谁肯安慰
happiness,我的世界将被摧毁也许颓废也是
like,想哭来试探自己麻痹了没
like,全世界好像只有我疲惫
like,无所无所谓反正难过就敷衍走一回
like,但愿绝望和无奈远走高飞
disgust,天灰灰会不会让我忘了你是谁
disgust,夜越黑梦违背难追难回味
like,我的世界将被摧毁也许事与愿违
like,累不累睡不睡单影无人相依偎
disgust,夜越黑梦违背难追难回味
disgust,我的世界将被摧毁也许颓废也是另一种美
like,旌旗如虹山堆叠如峰这军队蜿蜒如龙
like,杀气如风血色如酒红
like,将军我傲气如冲神色悍如凶
like,黄金甲如忠铁骑剽悍我行如轰轰
like,景色如冬萧瑟如枫攻势如弓魂断犹如梦中
disgust,一静一动如松千年不变如空如空如空
like,血染盔甲我挥泪杀满城菊花谁的天下
like,宫廷之上狼烟风沙生死不过一刀的疤
like,情感漂泊漂泊漂泊一世如我
like,仇恨绵延如火愁人眉头如锁
disgust,今生繁华如昨兵戎相见如破
sadness,千军万马万马万马奔腾那骨肉相残如错
like,陈年战事如酒成败转眼如秋
like,遍地烽火烽火烽火回忆如锈
like,那烽火回忆如锈吼吼吼吼
like,那杀戮过重如否吼吼吼吼
like,那烽火回忆如锈吼吼吼吼
like,皇室血脉如断流
like,血染盔甲我挥泪杀满城菊花谁的天下
like,宫廷之上狼烟风沙生死不过一刀的疤
like,盔甲我挥泪杀满城菊花谁的天下
like,宫廷之上狼烟风沙生死不过一刀的疤
happiness,血染盔甲我挥泪杀横刀立马看谁倒下
like,爱恨对话历史留下谁在乱箭之中潇洒
like,冷咖啡离开了杯垫
like,我忍住的情绪在很後面
like,拼命想挽回的从前在我脸上依旧清晰可见
disgust,最美的不是下雨天是曾与妳躲过雨的屋檐
like,回忆的画面在荡着秋千梦开始不甜
disgust,妳说把爱渐渐放下会走更远
like,又何必去改变已错过的时间
happiness,妳用妳的指尖阻止我说再见
sadness,想像妳在身边在完全失去之前
disgust,妳说把爱渐渐放下会走更远
like,或许命运的签只让我们遇见
like,只让我们相恋这一季的秋天
disgust,飘落後才发现这幸福的碎片要我怎麽捡
like,冷咖啡离开了杯垫
like,我忍住的情绪在很後面
like,拼命想挽回的从前在我脸上依旧清晰可见
disgust,最美的不是下雨天是曾与妳躲过雨的屋檐
like,回忆的画面在荡着秋千梦开始不甜
disgust,妳说把爱渐渐放下会走更远
like,又何必去改变已错过的时间
happiness,妳用妳的指尖阻止我说再见
sadness,想像妳在身边在完全失去之前
disgust,妳说把爱渐渐放下会走更远
like,或许命运的签只让我们遇见
like,只让我们相恋这一季的秋天
disgust,飘落後才发现这幸福的碎片要我怎麽捡
like,呜啦啦啦火车笛随着奔腾的马蹄
like,小妹妹吹着口琴夕阳下美了剪影
disgust,我用子弹写日记介绍完了风景接下来换介绍我自己
like,我虽然是个牛仔在酒吧只点牛奶
like,为什么不喝啤酒因为啤酒伤身体
like,很多人不长眼睛嚣张都靠武器赤手空拳就缩成蚂蚁
disgust,不用麻烦了不用麻烦了不用麻烦不用麻烦了
disgust,不用麻烦了你们一起上我在赶时间
happiness,每天决斗观众都累了英雄也累了
happiness,不用麻烦了不用麻烦了副歌不长你们有几个一起上好了
sadness,正义呼唤我美女需要我牛仔很忙的
like,啦啦啦骑毛驴因为马跨不上去
disgust,洗澡都洗泡泡浴因为可以玩玩具
like,我有颗善良的心都只穿假牛皮喔跌倒时尽量不压草皮
disgust,枪口它没长眼睛我曾经答应上帝除非是万不得已我尽量射橡皮筋
disgust,老板先来杯奶昔要逃命前请你顺便喂喂我那只小毛驴
disgust,不用麻烦了不用麻烦了不用麻烦不用麻烦了
disgust,不用麻烦了你们一起上我在赶时间
happiness,每天决斗观众都累了英雄也累了
happiness,不用麻烦了不用麻烦了副歌不长你们有几个一起上好了
sadness,正义呼唤我美女需要我牛仔很忙的
disgust,哪里有彩虹告诉我能不能把我的愿望还给我
disgust,为什么天这么安静所有的云都跑到我这里
anger,有没有口罩一个给我释怀说了太多就成真不了
sadness,也许时间是一种解药也是我现在正服下的毒药
like,看不见你的笑我怎么睡得着
happiness,你的声音这么近我却抱不到
like,没有地球太阳还是会绕
like,没有理由我也能自己走
sadness,你要离开我知道很简单
like,你说依赖是我们的阻碍
like,就算放开但能不能别没收我的爱
like,当作我最后才明白
like,有没有口罩一个给我
like,释怀说了太多就成真不了
sadness,也许时间是一种解药也是我现在正服下的毒药
like,看不见你的笑我怎么睡得着
happiness,你的声音这么近我却抱不到
like,没有地球太阳还是会绕
like,没有理由我也能自己走
sadness,你要离开我知道很简单
like,你说依赖是我们的阻碍
like,就算放开但能不能别没收我的爱
like,当作我最后才明白
like,素胚勾勒出青花笔锋浓转淡
like,瓶身描绘的牡丹一如你初妆
sadness,冉冉檀香透过窗心事我了然
disgust,宣纸上走笔至此搁一半
disgust,釉色渲染仕女图韵味被私藏
like,而你嫣然的一笑如含苞待放
anger,你的美一缕飘散去到我去不了的地方
happiness,天青色等烟雨而我在等你
like,炊烟袅袅升起隔江千万里
disgust,在瓶底书汉隶仿前朝的飘逸就当我为遇见你伏笔
happiness,天青色等烟雨而我在等你
like,月色被打捞起晕开了结局
like,如传世的青花瓷自顾自美丽你眼带笑意
like,色白花青的锦鲤跃然于碗底
like,临摹宋体落款时却惦记着你
disgust,你隐藏在窑烧里千年的秘密极细腻犹如绣花针落地
disgust,帘外芭蕉惹骤雨门环惹铜绿而我路过那江南小镇惹了你
like,在泼墨山水画里你从墨色深处被隐去
happiness,天青色等烟雨而我在等你
like,炊烟袅袅升起隔江千万里
disgust,在瓶底书汉隶仿前朝的飘逸就当我为遇见你伏笔
disgust,钥匙挂腰带皮夹插后面口袋
happiness,黑框的眼镜有几千度来海边穿西装裤
disgust,他不在乎我却想哭有点无助他的样子像刚出土的文物
sadness,他烤肉竟然会自带水壶写信时用浆糊
like,走起路一不注意就撞树
disgust,我不想输就算辛苦我也要等我也不能让你再走寻常路
sadness,我决定插手你的人生当你的时尚顾问别说你不能
like,让我们乘着阳光海上冲浪吸引她目光
like,不要怕露出胸膛流一点汗你成了型男
like,让我们乘着阳光看着远方别当路人甲
sadness,让美女缺氧靠在你肩膀我微笑在你旁边撑伞
happiness,喔对了对女生用心疼约会要等
like,讲笑话不能闷别太冷像我一样就刚好
like,对爱的人接吻要深拥抱要真
like,来电显示给个甜蜜的昵称
like,穿着要个性这只是刚刚入门
sadness,接下来你还要会弹琴会写歌会双截棍
disgust,头脑清楚不能迷糊我要将你彻底改造基因重组大变身
sadness,我决定插手你的人生当你的时尚顾问别说你不能
like,让我们乘着阳光海上冲浪吸引她目光
like,不要怕露出胸膛流一点汗你成了型男
like,让我们乘着阳光看着远方别当路人甲
sadness,让美女缺氧靠在你肩膀我微笑在你旁边撑伞
like,让我们乘着阳光海上冲浪吸引她目光
like,不要怕露出胸膛流一点汗你成了型男
like,让我们乘着阳光看着远方别当路人甲
sadness,让美女缺氧靠在你肩膀我微笑在你旁边撑伞
happiness,小学篱芭旁的蒲公英是记忆里有味道的风景
like,午睡操场传来蝉的声音多少年后也还是很好听
like,将愿望折纸飞机寄成信因为我们等不到那流星
sadness,认真投决定命运的硬币却不知道到底能去哪里
sadness,一起长大的约定那样清晰打过勾的我相信
disgust,说好要一起旅行是你如今唯一坚持的任性
sadness,在走廊上罚站打手心我们却注意窗边的蜻蜓
happiness,我去到哪里你都跟很紧很多的梦在等待着进行
sadness,一起长大的约定那样清晰打过勾的我相信
disgust,说好要一起旅行是你如今唯一坚持的任性
like,一起长大的约定那样真心与你聊不完的曾经
sadness,而我已经分不清你是友情还是错过的爱情
like,苔藓绿了木屋路深处翠落的孟宗竹
sadness,乱石堆上有雾这种隐居叫做江湖
happiness,箭矢漫天飞舞竟然在城墙上遮蔽了日出
like,是谁在哭
like,冲你懂你懂你匆匆
sadness,有多少的蛮力就拉多少的弓
happiness,听我说武功无法高过寺院的钟
like,禅定的风静如水的松
like,我命格无双一统江山
disgust,狂胜之中我却黯然语带悲伤
disgust,我一路安营扎下蓬青铜刀锋不轻易用苍生为重
like,我命格无双一统江山
anger,破城之后我却微笑绝不恋战
disgust,我等待异族望天空歃血为盟我等效忠浴火为龙
happiness,残缺的老茶壶几里外马蹄上的尘土
like,升狼烟的城池这种世道叫做乱世
disgust,那历史已模糊刀上的锈却出土的很清楚
like,是我在哭
disgust,序你去你去你继续
like,我敲木鱼开始冥想这场战役
like,我攻城掠地想冷血你需要勇气
like,挥剑离去我削铁如泥
disgust,你去你再去你继续不敌我致命的一击
like,远方的横笛吹奏你战败的消息
like,保持着杀气想赢的情绪让我君临天下的驾驭
disgust,这街上太拥挤太多人有秘密玻璃上有雾气谁被隐藏起过去
happiness,你脸上的情绪在还原那场雨这巷弄太过弯曲走不回故事里
disgust,这日子不再绿又斑驳了几句剩下搬空回忆的我在大房子里
like,电影院的座椅隔遥远的距离
disgust,感情没有对手戏你跟自己下棋
like,还来不及仔仔细细写下你的关于
sadness,描述我如何爱妳你却微笑的离我而去
sadness,这感觉已经不对我努力在挽回
sadness,一些些应该体贴的感觉我没给
like,你嘟嘴许的愿望很卑微在妥协
like,是我忽略你不过要人陪
sadness,这感觉已经不对我最后才了解
like,一页页不忍翻阅的情节你好累
anger,你默背为我掉过几次泪多憔悴
happiness,而我心碎你受罪你的美我不配
disgust,这街上太拥挤太多人有秘密玻璃上有雾气谁被隐藏起过去
happiness,你脸上的情绪在还原那场雨这巷弄太过弯曲走不回故事里
disgust,这日子不再绿又斑驳了几句剩下搬空回忆的我在大房子里
like,电影院的座椅隔遥远的距离
disgust,感情没有对手戏你跟自己下棋
like,还来不及仔仔细细写下你的关于
sadness,描述我如何爱妳你却微笑的离我而去
sadness,这感觉已经不对我努力在挽回
sadness,一些些应该体贴的感觉我没给
like,你嘟嘴许的愿望很卑微在妥协
like,是我忽略你不过要人陪
sadness,这感觉已经不对我最后才了解
like,一页页不忍翻阅的情节你好累
anger,你默背为我掉过几次泪多憔悴
happiness,而我心碎你受罪你的美我不配
sadness,这感觉已经不对我努力在挽回
sadness,一些些应该体贴的感觉我没给
like,你嘟嘴许的愿望很卑微在妥协
like,是我忽略你不过要人陪
sadness,这感觉已经不对我最后才了解
like,一页页不忍翻阅的情节你好累
anger,你默背为我掉过几次泪多憔悴
happiness,而我心碎你受罪你的美我不配
disgust,天气冷的让人生闷气
like,火气我沮丧的很生气
like,空气太糟需要有氧气
disgust,太多假义气一想就气
like,敲门敲敲门基本礼貌叩要先问
like,离开也不随手关灯生活习惯真有够混
sadness,敲门敲敲门简单动作叩也不等
like,你看来虽不像坏蛋但做事做人却很蠢
disgust,你像一团沼气损我的英气又那么神气
disgust,说话的语气败坏了风气我不想为你为你白花了力气
like,那么会扯去扯铃扯多你就会上瘾
disgust,扯你最善变的表情我的解释请你务必要听
like,那么会扯去扯铃却扯不出个命运
anger,扯你最善变的表情嘿你这样说我有一点伤心
disgust,不停犯错不停推拖
sadness,养了一堆籍口等它成熟
like,前一秒说是朋友后一秒诬赖我
happiness,别再跟我哈啦我不是个傻瓜
like,说谎就要付出代价
sadness,别再跟我哈啦你被当成笑话
happiness,自己造成的那尴尬我也没有办法
like,我轻轻的尝一口你说的爱我
disgust,还在回味你给过的温柔
like,我轻轻的尝一口这香浓的诱惑
sadness,我喜欢的样子你都有
disgust,你爱过头竟然答应我要给我蜂蜜口味的生活
sadness,加一颗奶球我搅拌害羞将甜度调高后再牵手
anger,你的爱太多想随身带走想你的时候就吃上一口
anger,我温热着被呵护的感受却又担心降温了要求
sadness,我尝着你话里面的奶油溜啊溜听过的每句话都很可口呦啊呦
like,那些多余的画面全被跳过你的眼中只有我
like,我轻轻的尝一口你说的爱我
disgust,还在回味你给过的温柔
like,我轻轻的尝一口这香浓的诱惑
sadness,我喜欢的样子你都有
like,我轻轻的尝一口舍不得吃会微笑的糖果
like,我轻轻的尝一口份量虽然不多
like,却将你的爱完全吸收
like,我微笑着让香味停留
like,缘份走到这也赖着不走
sadness,像夹心饼干中间有甜头继续下去不需要理由
sadness,我尝着你话里面的奶油溜啊溜听过的每句话都很可口呦啊呦
like,那些多余的画面全被跳过你的眼中只有我
like,我轻轻的尝一口你说的爱我
disgust,还在回味你给过的温柔
like,我轻轻的尝一口这香浓的诱惑
sadness,我喜欢的样子你都有
like,我轻轻的尝一口舍不得吃会微笑的糖果
like,我轻轻的尝一口份量虽然不多
like,却将你的爱完全吸收
like,我们的开始是很长的电影
happiness,放映了三年我票都还留着
happiness,冰上的芭蕾脑海中还在旋转
like,望着你慢慢忘记你
like,朦胧的时间我们溜了多远
like,冰刀划的圈圈起了谁改变
sadness,如果再重来会不会稍嫌狼狈
disgust,爱是不是不开口才珍贵
like,再给我两分钟让我把记忆结成冰
sadness,别融化了眼泪你妆都花了要我怎么记得
sadness,记得你叫我忘了吧
sadness,记得你叫我忘了吧
like,你说你会哭不是因为在乎
like,朦胧的时间我们溜了多远
like,冰刀划的圈圈起了谁改变
sadness,如果再重来会不会稍嫌狼狈
disgust,爱是不是不开口才珍贵
like,再给我两分钟让我把记忆结成冰
sadness,别融化了眼泪你妆都花了要我怎么记得
sadness,记得你叫我忘了吧
sadness,记得你叫我忘了吧
like,你说你会哭不是因为在乎
like,再给我两分钟让我把记忆结成冰
sadness,别融化了眼泪你妆都花了要我怎么记得
sadness,记得你叫我忘了吧
sadness,记得你叫我忘了吧
like,你说你会哭不是因为在乎
happiness,放手一搏令谁都惭愧迎着风极速在超越
sadness,那守门之兽展翼将飞它们却没看过蝴蝶
anger,不懂什麽叫有花香的季节什麽叫绿草如茵的旷野
like,所有关於我的传说全都不对全部都是纸屑全部要改写
disgust,对敌人谦卑抱歉我不会而远方龙战於野
like,咆哮声不自觉横越过了几条街
disgust,我坚决冲破这一场浩劫这世界谁被狩猎
like,谁淌血我却只为拯救妳的无邪
sadness,城墙上我在等魔坠火焰吞噬无名碑
like,摧毁却无法击溃我要爱上谁
disgust,废墟怎麽被云雪了解只能滋长出羊齿蕨
sadness,那些仇恨已形成堡垒我又该怎麽去化解
disgust,低吼威胁那些龙形的傀儡它们发不出的音叫心碎
anger,惊觉妳啜泣声迂回如此纯洁以温柔削铁以爱在谅解
disgust,在末日边陲纯爱被隔绝我在危城的交界
like,目睹妳的一切锈迹斑斑的眼泪
disgust,我坚决冲破这一场浩劫这世界谁被狩猎
like,谁淌血我却只为拯救妳的无邪
sadness,城墙上我在等魔坠火焰吞噬无名碑
like,摧毁却无法击溃我要爱上谁
disgust,我坚决冲破这一场浩劫这世界谁被狩猎
like,摧毁却无法击溃我要爱上谁
disgust,雨淋湿了天空毁得很讲究
disgust,妳说妳不懂为何在这时牵手
like,我晒乾了沉默悔得很冲动
happiness,就算这是做错也只是怕错过
sadness,在一起叫梦分开了叫痛
like,是不是说没有做完的梦最痛
disgust,迷路的後果我能承受这最後的出口在爱过了才有
disgust,能不能给我一首歌的时间
like,紧紧的把那拥抱变成永远
like,在我的怀里妳不用害怕失眠
like,哦如果妳想忘记我也能失忆
disgust,能不能给我一首歌的时间
disgust,把故事听到最後才说再见
like,妳送我的眼泪让它留在雨天
happiness,哦越过妳划的线我定了勇气的终点
disgust,雨淋湿了天空毁得很讲究
sadness,妳说妳不懂我为何在这时牵手
like,我晒乾了沉默悔得很冲动
happiness,就算这是做错也只是怕错过
sadness,在一起叫梦分开了叫痛
like,是不是说没有做完的梦最痛
disgust,迷路的後果我能承受这最後的出口在爱过了才有
disgust,能不能给我一首歌的时间
like,紧紧的把那拥抱变成永远
like,在我的怀里妳不用害怕失眠
like,哦如果妳想忘记我也能失忆
disgust,能不能给我一首歌的时间
disgust,把故事听到最後才说再见
like,妳送我的眼泪让它留在雨天
happiness,哦越过妳划的线我定了勇气的终点
disgust,哦妳说我不该不该不该在这时候说了我爱妳
disgust,要怎麽证明我没有说谎的力气哦请告诉我
like,暂停算不算放弃我只有一天的回忆
disgust,能不能给我一首歌的时间
like,紧紧的把那拥抱变成永远
like,在我的怀里妳不用害怕失眠
like,哦如果妳想忘记我也能失忆
disgust,能不能给我一首歌的时间
disgust,把故事听到最後才说再见
like,妳送我的眼泪让它留在雨天
happiness,哦越过妳划的线我定了勇气的终点
disgust,尼罗河悄悄漫过纸莎草蜿蜒像一袭不带感情的纱袍
sadness,而妳穿上後转身为我舞蹈为寂寥的大地舞一场惊叹号
disgust,黄昏燃烧金字塔上的云角
like,人面狮身的下影子在预兆
disgust,石阶上焚着油膏在我国度里堆积了几个世纪的尘嚣
like,在羊皮卷角古老的明了
like,谁都逃不掉天平上的烦恼
disgust,妳微微的笑赤足又扭腰朝着命运凿出一道美艳的符号
sadness,来找我找不到我你那迷路的眼眸
disgust,跟着我被我诱惑众神都已着了魔
happiness,说爱我爱不爱我你那王者的沉默
disgust,看着我被我诱惑你的灵魂属於我
disgust,尼罗河悄悄漫过纸莎草蜿蜒像一袭不带感情的纱袍
sadness,而妳穿上後转身为我舞蹈为寂寥的大地舞一场惊叹号
disgust,黄昏燃烧金字塔上的云角
like,人面狮身的下影子在预兆
disgust,石阶上焚着油膏在我国度里堆积了几个世纪的尘嚣
like,在羊皮卷角古老的明了
like,谁都逃不掉天平上的烦恼
disgust,妳微微的笑赤足又扭腰朝着命运凿出一道美艳的符号
sadness,来找我找不到我你那迷路的眼眸
disgust,跟着我被我诱惑众神都已着了魔
happiness,说爱我爱不爱我你那王者的沉默
disgust,看着我被我诱惑你的灵魂属於我
like,静止了所有的花开遥远了清晰了爱
like,天郁闷爱却很喜欢那时候我不懂这叫爱
like,妳喜欢站在那窗台妳好久都没再来
happiness,彩色的时间染上空白是妳流的泪晕开
like,不要妳离开距离隔不开
like,思念变成海在窗外进不来
like,原谅说太快爱成了阻碍
like,手中的风筝放太快回不来
like,不要妳离开回忆划不开
happiness,欠妳的宠爱我在等待重来
like,天空仍灿烂它爱着大海
sadness,情歌被打败爱已不存在
like,你喜欢站在那窗台妳好久都没再来
happiness,彩色的时间染上空白是妳流的泪晕开
like,不要妳离开距离隔不开
like,思念变成海在窗外进不来
like,原谅说太快爱成了阻碍
like,手中的风筝放太快回不来
like,不要妳离开回忆划不开
happiness,欠妳的宠爱我在等待重来
like,天空仍灿烂它爱着大海
sadness,情歌被打败爱已不存在
happiness,你举手你抬头你说选我选我
like,手上锁又挣脱你仍一脸迷惑
like,吹个风手一松那硬币竟失踪
like,一鞠躬那掌声拍的凶
disgust,手交错轻轻碰戒指换手移动给观众一个梦讶异中有笑容
disgust,手穿海报却不拿汉堡反而拿出牛仔帽你永远都猜不着
disgust,每当我在台上演出人体飘浮你就在台下偷偷吃我的泡芙
like,等待白鸽飞出再将爱说清楚
like,读你读你读心想啥事
like,用古典迫牌方式
happiness,我手法精致艾尔姆支雷一百分的姿势
like,谁说恋爱别找魔术师
like,我不需要解释所以他小丑我是大师
happiness,你举手你抬头你说选我选我
like,我将牌换颜色变出你的选择
disgust,将自由的女神变不见不稀奇１０１变不见才惊喜
like,手摊开帽子里总能空手出牌
like,不管切多少牌总能切得回来
disgust,手穿海报却不拿汉堡反而拿出牛仔帽你永远都猜不着
like,不要问我到底什麽才是真的我变给你看的感情才是真的
like,因为无时无刻我只想你快乐
like,读你读你读心想啥事
like,用古典迫牌方式
happiness,我手法精致艾尔姆支雷一百分的姿势
like,谁说恋爱别找魔术师
like,我不需要解释所以他小丑我是大师
like,读你读你读心想啥事
like,用古典迫牌方式
happiness,我手法精致艾尔姆支雷一百分的姿势
like,谁说恋爱别找魔术师
disgust,我不需要解释所以不用麻烦了不用麻烦了不用麻烦了
like,读你读你读心想啥事
like,用古典迫牌方式
happiness,我手法精致艾尔姆支雷一百分的姿势
like,谁说恋爱别找魔术师
like,我不需要解释所以他小丑我是大师
disgust,
like,周杰伦-说好的幸福呢-
disgust,
like,妳的回话凌乱着在这个时刻
sadness,我想起喷泉旁的白鸽甜蜜散落了
like,情绪莫名的拉扯我还爱妳呢
like,而妳断断续续唱着歌假装没事了
like,时间过了走了爱情面临选择妳冷了倦了我哭了
like,离开时的不快乐妳用卡片手写着有些爱只给到这真的痛了
happiness,怎麽了妳累了说好的幸福呢
disgust,我懂了不说了爱淡了梦远了
like,开心与不开心一一细数着妳再不舍
like,那些爱过的感觉都太深刻我都还记得
like,妳不等了说好的幸福呢
like,我错了泪乾了放手了後悔了
disgust,只是回忆的音乐盒还旋转着要怎麽停呢
like,妳的回话凌乱着在这个时刻
sadness,我想起喷泉旁的白鸽甜蜜散落了
like,情绪莫名的拉扯我还爱妳呢
like,而妳断断续续唱着歌假装没事了
like,时间过了走了爱情面临选择妳冷了倦了我哭了
like,离开时的不快乐妳用卡片手写着有些爱只给到这真的痛了
happiness,怎麽了妳累了说好的幸福呢
disgust,我懂了不说了爱淡了梦远了
like,开心与不开心一一细数着妳再不舍
like,那些爱过的感觉都太深刻我都还记得
like,妳不等了说好的幸福呢
like,我错了泪乾了放手了後悔了
disgust,只是回忆的音乐盒还旋转着要怎麽停呢
happiness,怎麽了妳累了说好的幸福呢
disgust,我懂了不说了爱淡了梦远了
like,开心与不开心一一细数着妳再不舍
like,那些爱过的感觉都太深刻我都还记得
like,妳不等了说好的幸福呢
like,我错了泪乾了放手了後悔了
disgust,只是回忆的音乐盒还旋转着要怎麽停呢
like,兰亭临帖行书如行云流水
sadness,月下门推心细如妳脚步碎
like,忙不迭千年碑易拓却难拓妳的美
like,真迹绝真心能给谁
like,牧笛横吹黄酒小菜又几碟
like,夕阳馀晖如妳的羞怯似醉
disgust,摹本易写而墨香不退与妳同留馀味
like,一行朱砂到底圈了谁
sadness,无关风月我题序等妳回
like,悬笔一绝那岸边浪千叠
like,情字何解怎落笔都不对而我独缺妳一生的了解
sadness,无关风月我题序等妳回
like,悬笔一绝那岸边浪千叠
like,情字何解怎落笔都不对而我独缺妳一生的了解
sadness,无关风月我题序等妳回
like,悬笔一绝那岸边浪千叠
disgust,情字何解怎落笔都不对独缺妳一生了解
like,弹指岁月倾城顷刻间湮灭
like,青石板街回眸一笑妳婉约
disgust,恨了没妳摇头轻叹谁让妳蹙着眉而深闺徒留胭脂味
sadness,人雁南飞转身一瞥妳噙泪
like,掬一把月手揽回忆怎麽睡
happiness,又怎麽会心事密缝绣花鞋针针怨怼
like,若花怨蝶你会怨着谁
sadness,无关风月我题序等妳回
like,悬笔一绝那岸边浪千叠
like,情字何解怎落笔都不对而我独缺妳一生的了解
sadness,无关风月我题序等妳回
like,手书无愧无惧人间是非
like,雨打蕉叶又潇潇了几夜
like,我等春雷来提醒妳爱谁
like,墙角迎风的雏菊茉莉花开的香气
like,闭上眼回到过去划分界线的桌椅下课却靠在一起我就是离不开妳
disgust,一路乘着溜滑梯我们说好走到底以为从此就分离
like,用黑板上的日期倒数找妳
like,慢慢清晰原来思念妳是加了糖的消息
like,我用铅笔画的很仔细
like,素描那年天气蝉鸣的夏季我想遇见妳
like,那童年的希望是一台时光机
sadness,我可以一路开心到底都不换气
sadness,戴竹蜻蜓穿过那森林打开了任意门找到妳一起旅行
like,那童年的希望是一台时光机
happiness,妳我翻滚过的榻榻米味道熟悉
like,所有回忆在小叮当口袋里
disgust,一起荡秋千的默契在风中持续着甜蜜
sadness,有些话总来不及一直都放在心底想要将妳看仔细
sadness,但错身而过的妳已经离去
like,慢慢清晰原来思念妳是加了糖的消息
like,我用铅笔画的很仔细
like,素描那年天气蝉鸣的夏季我想遇见妳
like,那童年的希望是一台时光机
sadness,我可以一路开心到底都不换气
sadness,戴竹蜻蜓穿过那森林打开了任意门找到妳一起旅行
like,那童年的希望是一台时光机
happiness,妳我翻滚过的榻榻米味道熟悉
like,所有回忆在小叮当口袋里
disgust,一起荡秋千的默契在风中持续着甜蜜
like,那童年的希望是一台时光机
sadness,我可以一路开心到底都不换气
sadness,戴竹蜻蜓穿过那森林打开了任意门找到妳一起旅行
like,那童年的希望是一台时光机
happiness,妳我翻滚过的榻榻米味道熟悉
like,所有回忆在小叮当口袋里
disgust,一起荡秋千的默契在风中持续着甜蜜
disgust,持续着甜蜜持续着甜蜜持续着甜蜜
disgust,亲爱的别吓到闭上了眼睛小丑把戏不是大家都可以
anger,夸张眼影蓝色忧伤的泪滴丢丢刀喷喷火踩高跷吹笛
disgust,跌倒失手烧到眉毛我故意哈哈你笑的开心我可是在玩命
disgust,扑克牌里我的肖像才一两张你看你看我的重要性
disgust,彩色的大卷发红鼻子最滑稽的步法这样的快乐你学会了吗
disgust,用笨拙又惊险的杂耍继续对你装傻所有的悲伤通通忘了吧
disgust,听我说拿出你的钞票笑平常买不到先生小姐们赶快来赶快来
like,再慢就看不到座位没剩多少还能跟乔克叔叔拍一张照
happiness,我只是卑微的小丑翻几个跟斗就等你拍一拍手
disgust,人群散了後夜色多朦胧月光也会跟着我
disgust,我不是孤独的小丑你笑了之後不需要记得我
disgust,灯熄的时候满天的星空最明亮的是寂寞
disgust,下着雨我躲在面具里偷偷地在哭泣因为看了不能说的秘密
disgust,魔术师我恨你抢走我的生意别忘记蝙蝠侠靠我才票房冠军
disgust,听我说拿出你的钞票笑平常买不到先生小姐们赶快来赶快来
like,再慢就看不到座位没剩多少还能跟乔克叔叔拍一张照
happiness,我只是卑微的小丑翻几个跟斗就等你拍一拍手
disgust,人群散了後夜色多朦胧月光也会跟着我
disgust,我不是孤独的小丑你笑了之後不需要记得我
disgust,灯熄的时候满天的星空最明亮的是寂寞
happiness,我只是卑微的小丑翻几个跟斗就等你拍一拍手
disgust,人群散了後夜色多朦胧月光也会跟着我
disgust,我不是孤独的小丑你笑了之後不需要记得我
disgust,灯熄的时候满天的星空最明亮的是寂寞
sadness,对这个世界如果你有太多的抱怨
anger,跌倒了就不敢继续往前走为什麽人要这麽的脆弱堕落
disgust,请你打开电视看看多少人为生命在努力勇敢的走下去
like,我们是不是该知足珍惜一切就算没有拥有
sadness,还记得你说家是唯一的城堡随着稻香河流继续奔跑
sadness,微微笑小时候的梦我知道
anger,不要哭让萤火虫带着你逃跑乡间的歌谣永远的依靠
like,回家吧回到最初的美好
like,不要这麽容易就想放弃就像我说的追不到的梦想换个梦不就得了
like,为自己的人生鲜艳上色先把爱涂上喜欢的颜色
like,笑一个吧功成名就不是目的
sadness,让自己快乐快乐这才叫做意义
like,童年的纸飞机现在终於飞回我手里
disgust,所谓的那快乐赤脚在田里追蜻蜓追到累了
disgust,偷摘水果被蜜蜂给叮到怕了谁在偷笑呢
like,我靠着稻草人吹着风唱着歌睡着了
happiness,哦哦午後吉他在虫鸣中更清脆
like,哦哦阳光洒在路上就不怕心碎
disgust,珍惜一切就算没有拥有
sadness,还记得你说家是唯一的城堡随着稻香河流继续奔跑
sadness,微微笑小时候的梦我知道
anger,不要哭让萤火虫带着你逃跑乡间的歌谣永远的依靠
like,回家吧回到最初的美好
sadness,还记得你说家是唯一的城堡随着稻香河流继续奔跑
sadness,微微笑小时候的梦我知道
anger,不要哭让萤火虫带着你逃跑乡间的歌谣永远的依靠
like,回家吧回到最初的美好
