like,钟逆时钟而绕
like,恶物狰狞的倾巢
disgust,我谦卑安静的于城堡下的晚祷
sadness,压抑远古流窜的蛮荒暗号
disgust,而管风琴键高傲的说
like,那只是在徒劳
like,傲傲傲傲傲
like,我的乐器在环绕
anger,时代无法淘汰我霸气的皇朝
anger,你无法预言
happiness,因为我越险翅越艳
sadness,没有句点
like,跨时代蔓延翼朝天
happiness,月下浮雕
like,魔鬼的微笑
like,狼迎风嚎
like,蝠翔似黑潮
like,用孤独去调尊严的色调
disgust,我跨越过时代
like,如兽般的姿态
like,琴声唤起沉睡的血脉
like,不需要被崇拜
like,如兽般的悲哀
like,只为永恒的乐曲存在
like,醒过
like,钟逆时钟而绕
like,恶物狰狞的倾巢
disgust,我谦卑安静的于城堡下的晚祷
sadness,压抑远古流窜的蛮荒暗号
disgust,而管风琴键高傲的说
like,那只是在徒劳
like,傲傲傲傲傲
like,我的乐器在环绕
anger,时代无法淘汰我霸气的
anger,你无法预言
happiness,因为我越险翅越艳
sadness,没有句点
like,跨时代蔓延翼朝天
happiness,月下浮雕
like,魔鬼的微笑
like,狼迎风嚎
like,蝠翔似黑潮
like,用孤独去调尊严的色调
disgust,我跨越过时代
like,如兽般的姿态
like,琴声唤起沉睡的血脉
like,不需要被崇拜
like,如兽般的悲哀
like,只为永恒的乐曲存在
like,醒过来
disgust,我不需要被崇拜
disgust,我不需要被崇拜
disgust,我跨越过时代
like,如兽般的姿态
like,琴声唤起沉睡的血脉
like,不需要被崇拜
like,如兽般的悲哀
like,只为永恒的乐曲存在
like,醒过来
sadness,天凉了
sadness,雨下了
like,你走了
like,清楚了
like,我爱的
sadness,遗失了
disgust,落叶飘在湖面上睡着了
like,想要放
like,放不掉
like,泪在飘
happiness,你看看
like,你看看不到
disgust,我假装过去不重要
happiness,却发现自己办不到
like,说了再见
like,才发现再也见不到
happiness,我不能
disgust,就这样
happiness,失去你的微笑
disgust,口红待在桌角
anger,而你我找不到
like,若角色对调
anger,你说好不好
happiness,能不能
disgust,就这样
like,忍着痛
like,泪不掉
anger,说好陪我到老
disgust,永恒往哪里找
like,再次拥抱
like,一分一秒
anger,都好
anger,你的笑
happiness,你的好
happiness,脑海里
sadness,一直在绕
like,我的手
like,忘不了
anger,你手的温度
like,心
sadness,碎了一地
happiness,捡不回从前的心跳
sadness,身陷过去我无力逃跑
like,说再见
like,才发现再也见不到
like,周杰伦
like,-
like,烟花易冷(伽蓝雨)
like,作词：方文山
disgust,作曲：周杰伦
like,繁华声
like,遁入空门
sadness,折煞了世人
like,梦偏冷
like,辗转一生
like,情债又几本
like,如你默认
like,生死枯等
like,枯等一圈
like,又一圈的年轮
like,浮图塔
disgust,断了几层
like,断了谁的魂
like,痛直奔
like,一盏残灯
like,倾塌的山门
happiness,容我再等
like,历史转身
happiness,等酒香醇
like,等你弹一曲古筝
like,雨纷纷
happiness,旧故里草木深
sadness,我听闻
sadness,你始终一个人
like,斑驳的城门
disgust,盘踞着老树根
like,石板上回荡的是
happiness,再等
like,雨纷纷
happiness,旧故里草木深
sadness,我听闻
anger,你仍守着孤城
like,城郊牧笛声
disgust,落在那座野村
happiness,缘份落地生根是
happiness,我们
like,听青春
like,迎来笑声
sadness,羡煞许多人
happiness,那史册
like,温柔不肯
happiness,下笔都太狠
like,烟花易冷
like,人事易分
sadness,而你在问
sadness,我是否还认真
happiness,千年后
like,累世情深
happiness,还有谁在等
like,而青史
like,岂能不真
like,魏书洛阳城
disgust,如你在跟
like,前世过门
like,跟着红尘
sadness,跟随我
like,浪迹一生雨纷纷
happiness,旧故里草木深
sadness,我听闻
sadness,你始终一个人
like,斑驳的城门
disgust,盘踞着老树根
like,石板上回荡的是
happiness,再等
like,雨纷纷
happiness,旧故里草木深
sadness,我听闻
anger,你仍守着孤城
like,城郊牧笛声
disgust,落在那座野村
happiness,缘份落地生根是
happiness,我们
like,雨纷纷
happiness,旧故里草木深
sadness,我听闻
sadness,你始终一个人
like,斑驳的城门
disgust,盘踞着老树根
like,石板上回荡的是
happiness,再等
like,雨纷纷
like,雨纷纷
happiness,旧故里草木深
sadness,我听闻
sadness,我听闻
anger,你仍守着孤城
like,城郊牧笛声
disgust,落在那座野村
happiness,缘份落地生根是
happiness,我们
happiness,缘份落地生根是
happiness,我们
like,伽蓝寺听雨声盼
like,永恒
like,周杰伦
like,-
like,免费教学录影带
happiness,专辑：跨时代
like,OS：
like,喂，老板
like,哎，年轻人，又来看吉他啦！
happiness,我要那把
disgust,那把？啊？哈哈哈！那把是琵琶！不是吉他
sadness,我说旁边那把
happiness,旁边那把很贵的耶！
disgust,你可不可以自然一点
like,如果你
like,想要变成一个Rocker
disgust,你就必须要先有一把Guitar
like,刷和弦的时候尽量不用Pick
happiness,啊看起来样子会比较随性
like,就算你弹错了大家会以为
like,你是故意
happiness,（哒哒啦哒）你是不是
like,啊哈
sadness,感觉到了
like,我的和弦
like,啊哈
anger,在重复着
like,哎呦不错代表你耳朵没有聋Blues就是在重复这几个和弦
sadness,摇滚的节奏在右手
happiness,灵魂在左手
like,心就是宇宙
like,我弹的叫自由
disgust,（哒哒啦哒）
happiness,听我的Blues（Blues）要学会尖叫（尖叫）比一个Peace（Peace）是为了拍照（拍照）
happiness,丢一块Ice（Ice）叫他不要吵（不要吵）摇滚不是为了把妹是为了梦想
disgust,当然魅力太强被别人爱上我没办法
like,周杰伦
like,-
like,免费教学录影带
sadness,啊
like,断了
like,它才会对你说话
like,手在弹如果脚有点闲
like,再加点舞蹈就太完美了
disgust,举起你的单手给她个啵！这时候你可以放开Pick啵！
anger,OhOh美女在哪你就要看到哪
like,你一定以为我接下来要唱副歌
like,OhOh还没
sadness,不急我先教你弹再升一格
like,再升一格
like,最后退一格
sadness,啊
disgust,听我的Blues（Blues）要学会尖叫（尖叫）比一个Peace（Peace）是为了拍照（拍照
happiness,丢一块Ice（Ice）叫他不要吵（不要吵）摇滚不是为了把妹是为了梦想
disgust,当然魅力太强被别人爱上我没办法
like,再来一次
disgust,如果你加几个音就变乡村风味
happiness,大家听久了都（咩）会很想喝牛奶
sadness,因为临时要在路边找到一头牛真的很难（啦啦啦啦啦啦啦啦）副歌
happiness,听我的Blues（Blues）要学会尖叫（尖叫）比一个Peace（Peace）是为了拍照（拍照）
happiness,丢一块Ice（Ice）叫他不要吵（不要吵）摇滚不是为了把妹是为了梦想
disgust,当然魅力太强被别人爱上
happiness,当然魅力太强被别人爱上我没办法再来一次
like,最后一次
happiness,再补一次
like,周杰伦
like,-
like,好久不见
like,好久不见
anger,你还好吗
like,你的小狗
anger,长大了吗
like,我的围巾
happiness,还围着吗
like,我的相片
like,都丢了吧
like,我剪不到后面头发
anger,这个借口还不错吧（哎哟不错）一把剪刀一堆废话
like,还不是想求求你回来吧
like,别再一个人在生气
like,给他烦恼
like,给他操心
like,虽然不关我的事情
anger,谁叫他是我的兄弟
like,耶
happiness,都这么久就算了吧
like,想想秋天就要过去
like,耶
happiness,冬天来临他会怕冷
like,你不回来难道要我抱他
anger,是我不好
like,我没有紧紧抱住你
like,你说泪留着很危险
like,如果等雨一起（等雨一起）流下不让同情发现
sadness,我对天空这个那个流星
like,大喊后会不会有奇迹
happiness,就算做朋友也没关系
sadness,为你改变了自己都不认识自己
like,不是我跑去了整形
happiness,只是我拿出真心
disgust,开一瓶这个那个香槟
happiness,去我的Mr.J餐厅
like,点蜡烛顺便吃个甜品
sadness,庆祝你打死不连络的毅力
anger,冷战早已经不流行
like,赶快回来到
anger,我身边
anger,是我不好
anger,我没有紧紧抱住你（紧紧抱住你）
like,你说泪留着很危险（很危险）、
like,周杰伦
like,-
anger,雨下一整晚
like,作词：方文山
disgust,作曲：周杰伦
sadness,街灯下的橱窗
like,有一种落寞的温暖
disgust,吐气在玻璃上
like,画着你的模样
like,开着车漫无目的的转弯
like,不知要去哪个地方
like,闹区的电视墙
anger,到底有谁在看
like,白杨木
anger,影子被拉长
like,像我对你的思念走不完原来我从未习惯
happiness,你已不在我身旁
like,街道的
like,铁门被拉上
disgust,只剩转角霓虹灯还在闪
like,这城市
like,的小巷
anger,雨下一整晚
sadness,你撑把小纸伞
like,叹姻缘太婉转
like,雨落下雾茫茫
disgust,问天涯在何方
like,午夜笛笛声残
like,偷偷透透过窗
sadness,烛台前我嘛还在想
like,小舢舨
happiness,划啊划
like,小纸伞
happiness,遮雨也遮月光
like,周杰伦
like,-
like,嘻哈空姐
like,：方文山
disgust,作曲：周杰伦
like,编曲：林迈可
like,起落架离开地上
like,空姐亲切的讲
anger,请我打开遮阳板
happiness,将安全带系上
anger,接着问是否用餐
like,需不需要毛毯
anger,而我沉睡在客舱
sadness,梦境在我正上方
sadness,她没有狐狸脸蛋
like,竟然可以这麼耐看
like,发香
like,爱爱爱爱上
anger,醒来在飞机上
sadness,座位还在晃
like,一半
anger,她放慢脚步
sadness,想我拼命跑
like,想我去追上我知道
sadness,因为
anger,我想
like,她问我Coffee
like,tea
like,or
like,me
like,我深深倒抽一口气
like,她身体摆动的频率
like,让我几乎喘不过气
sadness,我点咖啡不加糖
sadness,正对着她品尝
like,那免税品的包装
like,诱人像她一样
like,我决定边走边唱
happiness,她的眼神渴望
like,充满暗示与想像
happiness,给予人一种挑战
like,梦游的初步阶段
anger,我脑海播放了一段
like,形状
like,幻幻幻幻想
like,醒来在走道上
disgust,随节奏在晃
like,闪亮
like,她一路翘臀
like,推着那餐车性感的模样
like,短裙的弧度
like,漂亮
like,她问我Coffee
like,tea
like,or
like,me
like,我深深倒抽一口气
like,她身体摆动的频率
like,让我几乎喘不过气
like,她问我Coffee
like,tea
like,or
like,me
sadness,我张大眼睛在怀疑
like,厚嘴唇很有吸引力
like,我会不会瞬间麻痹
like,周杰伦
like,-
like,我落泪。情绪零碎
disgust,地上断了翅的蝶
disgust,雾散之后的满月
like,原来爱
like,跟心碎
anger,都可以很
like,细节
sadness,听夜风绕过几条街
happiness,秋天瘦了满地的落叶
anger,于是又一整夜
like,感性的句子都枯萎
like,凋谢
like,随手撕下这一页
like,原来诗
like,跟离别可以没有结尾（没有结尾）憔悴后悔等等这些
anger,于是我把诗折迭
happiness,邮寄出感觉
anger,夹一束白玫瑰你将爱退回
anger,我不落泪
happiness,忍住感觉
like,分手在起风
like,这个季节
like,哭久了会累
sadness,也只是别人的以为
like,冷的咖啡
disgust,我清醒着
like,一再续杯
sadness,我落泪
like,情绪零碎
anger,你的世界
like,一幕幕纷飞
like,门外的蔷薇
sadness,带刺伤人的很直接
anger,过去被翻阅
like,结局满天的
like,风雪
like,随手撕下这一页（这一页）
like,周杰伦&杨瑞代
like,-
disgust,爱的飞行日记
happiness,专辑：跨时代
disgust,（杰伦）
like,赤道的边境
like,万里无云
sadness,天很清
happiness,爱你的事情
disgust,说了千遍
like,有回音
like,岸边的丘陵
like,崎岖不平
like,浪入侵
like,我却很专心
like,分辨得出
like,你的声音
like,（Gary）
like,用南极的冰
like,将爱结晶
like,我用心
disgust,永不融化的是
disgust,爱你的这个决定
like,（合）
like,透明
like,坚硬
like,（Gary）
like,升空对抗
like,重力反应
like,逐渐渺小的风景
like,景景景景景色分明
happiness,我加速引擎
like,抛开远方的黎明
like,（合）
happiness,剩速度回应
like,向银河逼近
happiness,我对着流星
anger,祈祷时专心
happiness,为爱飞行
like,脱离地心引力的热情
like,找一颗星
like,只为了你命名
like,我用光年传递爱情
happiness,为爱飞行
like,脱离地心引力的热情
disgust,我在宇宙无重力的环境
like,为你降临（杰伦）
like,赤道的边境
like,万里无云
sadness,天很清
happiness,爱你的事情
disgust,说了千遍
like,有回音
like,岸边的丘陵
like,崎岖不平
like,浪入侵
like,我却很专心
like,分辨得出
like,你的声音
like,（Gary）
like,用南极的冰
like,将爱结晶
like,我用心
disgust,永不融化的是
disgust,爱你的这个决定
like,（合）
like,透明（透明）
like,坚硬（坚硬）（Gary）
like,升空对抗
sadness,重力反应逐渐渺小的风景
like,景景景景景色分明
happiness,我加速引擎
like,抛开远方的黎明
like,（合）
happiness,剩速度回应
like,向银河逼近
happiness,我对着流星
anger,祈祷时专心
happiness,为爱飞行
like,脱离地心引力的热情
like,找一颗星
like,只为了你命名
like,我用光年传递爱情
happiness,为爱飞行
like,脱离地心引力的热情
disgust,我在宇宙无重力的环境
like,为你降临
like,周杰伦
like,-
like,自导自演
happiness,专辑：跨时代
like,巷口甩尾甩开了过去的熟悉
like,照后镜的你比脑海清晰
happiness,你我距离就像打滑和那飘移
anger,差很远但看似很接近
anger,车灯闪了一下代表我还在意
sadness,被我看见你上他的车这么不小心
sadness,喇叭按了两声代表我会离去
disgust,你放心我理解这游戏
like,呼啸而过的引擎声
disgust,是你最讨厌的旋律
sadness,穿梭在城市中
like,变成一首幻想曲
happiness,一边疯狂纪录一边璀璨的忘记
disgust,（忘记忘记忘记忘记）你发脾气
anger,甩上车门香味留在车里
like,对不起要走可以关门别太大力
like,用点心你说不是用来吃的点心
like,冰淇淋溶化了谎言在你身边的美丽
disgust,没有了雨雨刷还是不停左右
like,就像回忆开始对我挥了挥手
like,仪表板转动在猜我会不会懂
happiness,速度再快也追不回承诺
disgust,车窗摇下听你听你完美借口
like,音乐开大让我让我假装感动
sadness,贴心的你不用自导自演心痛
disgust,我看不懂我会更难过
like,巷口甩尾甩开了过去的熟悉
like,照后镜的你比脑海清晰
happiness,你我距离就像打滑和那飘移
anger,差很远但看似很接近
anger,车灯闪了一下代表我还在意
like,被我看见你上他的车这么不小心（不小心）
sadness,喇叭按了两声代表我会离去
disgust,你放心我理解这游戏
like,呼啸而过的引擎声
disgust,是你最讨厌的旋律
sadness,穿梭在城市中
like,变成一首幻想曲
happiness,一边疯狂纪录一边璀璨的忘记
like,（忘记忘记忘记忘记）你发脾气甩上车门香味留在车里
like,对不起要走可以关门别太大力
like,用点心你说不是用来吃的点心
like,冰淇淋溶化了谎言在你身边的美丽
disgust,没有了雨雨刷还是不停左右
like,就像回忆开始对我挥了挥手
like,仪表板转动在猜我会不会懂
happiness,速度再快也追不回承诺
disgust,车窗摇下听你听你完美借口
like,音乐开大让我让我假装感动
sadness,贴心的你不用自导自演心痛
disgust,我看不懂我会更难过
disgust,没有了雨雨刷还是不停左右
like,就像回忆开始对我挥了挥手
like,仪表板转动在猜我会不会懂
happiness,速度再快也追不回承诺
disgust,车窗摇下听你听你完美借口
like,音乐开大让我让我假装感动
sadness,贴心的你不用自导自演心痛
disgust,我看不懂我会更难过
like,周杰伦
like,-
happiness,超人不会飞
disgust,作词：周杰伦
disgust,作曲：周杰伦
disgust,妈妈说很多事别太计较
like,只是使命感找到了我
like,我睡不着
like,如果说
anger,骂人要有点技巧
like,我会加点旋律
disgust,你会觉得超好
like,我的枪
like,不会装弹药
like,(弹药)
like,所以放心
like,不会有人倒
like,(人倒)
anger,我拍青锋侠
like,不需要替身
sadness,因为自信是我绘画的颜料
disgust,我做很多事背后的意义远比你们想象
happiness,拍个电视剧为了友情与十年前的梦想
sadness,收视率再高也难抗衡我的伟大理想
sadness,因为我的人生无需再多一笔那奖项
disgust,我不知道何时变成了社会的那榜样
like,被狗仔拍不能比中指要大器的模样
like,怎样
like,我唱的歌词要有点文化
happiness,因为随时会被当教材
happiness,CNN能不能等英文好一点再访
happiness,时代杂志封面能不能重拍
like,随时随地注意形象
like,要控制饮食
disgust,不然就跟杜莎夫人蜡像的我不像（本来就不像）好莱坞的中国戏院
anger,地上有很多手印脚印
sadness,何时才能看见我的掌
happiness,喔如果超人会飞
anger,那就让我在空中停一停歇
like,再次俯瞰这个世界
happiness,会让我觉得好一些
like,拯救地球好累
sadness,虽然有些疲惫但我还是会
sadness,不要问我哭过了没
like,因为超人不能流眼泪
like,唱歌要拿最佳男歌手
like,拍电影也不能只拿个最佳新人
sadness,你不参加颁奖典礼就是没礼貌
sadness,你去参加就是代表你很在乎
like,得奖时你感动落泪（落泪）
happiness,人家就会觉得你夸张做作（做作）
disgust,你没表情别人就会说太嚣张
anger,如果你天生这个表情
disgust,那些人甚至会怪你妈妈（妈妈）
anger,结果最后是别人在得奖
disgust,你也要给予充分的掌声与微笑
sadness,开的车不能太好
sadness,住的楼不能太高
like,我到底是一个创作歌手
happiness,还是好人好事代表
disgust,专辑一出就必须是冠军
disgust,拍了电影就必须要大卖
like,只能说当超人真的好难
happiness,如果超人会飞（超人会飞）那就让我在空中停一停歇（停一停歇）
anger,拯救地球好累（地球好累）虽然有些疲惫但我还是会（我还是会）
like,发行：杰威尔
like,-
happiness,时间：2008年10月11日
like,-
like,语种：国语
like,-
like,稻香
like,JaY
like,ChOu
like,-
like,魔杰座
like,词曲/JAY
like,编曲/micel
like,Lin
like,Music。
like,对这个世界如果你有太多的抱怨跌倒了就不敢继续往前走
disgust,为什么人要这么的脆弱
like,堕落
happiness,请你打开电视看看
like,多少人为生命在努力勇敢的走下去
like,我们是不是该知足
like,珍惜一切
like,就算没有拥有
like,还记得你说家是唯一的城堡随著稻香河流继续奔跑
like,微微笑
happiness,小时候的梦我知道
like,不要哭让萤火虫带著你逃跑
like,乡间的歌谣永远的依靠
like,回家吧
like,回到最初的美好
happiness,☆Music。☆。不要这麼容易就想放弃
happiness,就像我说的
like,追不到的梦想
like,换个梦不就得了
like,为自己的人生鲜艳上色先把爱涂上喜欢的颜色
like,笑一个吧
like,功成名就不是目的
like,让自己快乐快乐这才叫做意义
like,童年的纸飞机
like,现在终於飞回我手里
like,所谓的那快乐
disgust,赤脚在田里追蜻蜓追到累了
anger,偷摘水果被蜜蜂给叮到怕了谁在偷笑呢
disgust,我靠著稻草人吹著风唱著歌睡著了
happiness,哦
happiness,哦
disgust,午后吉它在虫鸣中更清脆
happiness,哦
happiness,哦
sadness,阳光洒在路上就不怕心碎
like,珍惜一切
like,就算没有拥有
sadness,还记得你说家是唯一的城堡
disgust,随著稻香河流继续奔跑微微笑
happiness,小时候的梦我知道
like,不要哭让萤火虫带著你逃跑
like,乡间的歌谣永远的依靠
like,回家吧
like,回到最初的美好
like,-
like,龙战骑士
like,JaY
like,ChOu
like,-
like,魔杰座
like,JVR
like,☆词/方文山
like,曲/JAY编曲/micheal
like,Lin☆
like,-
like,☆Music...
happiness,放手一搏令谁都惭愧迎着风极速在超越
happiness,那守门之兽展翼将飞
happiness,他们却没看见过蝴蝶不懂什么
disgust,叫有花香的季节
disgust,什么叫绿草如茵的旷野所有关于我的传说全都不对
like,全部都是纸屑
sadness,全部要改写
disgust,对敌人谦卑抱歉我不会远方龙战于野
sadness,咆哮声不自觉横越过了几条街
like,-
happiness,我坚决冲破这一场浩劫谁淌血我却只为
like,拯救你的无邪
anger,城墙上我在等魔坠
disgust,火焰吞噬无名碑
like,摧毁却无法击溃
happiness,我要爱上谁
like,☆Music☆
sadness,废墟怎么被飞雪了解只能滋长出羊齿蕨
sadness,那些仇恨已形成堡垒
like,我又该怎么去化解
like,低吼威胁那些龙形的傀儡
happiness,他们发不出的音叫心碎
happiness,惊觉你啜泣声迂回如此纯洁
happiness,以温柔削铁以爱在谅解
disgust,末日边陲纯爱被隔绝
like,我在危城的交界
like,-
sadness,目睹你的一切锈迹斑斑的眼泪☆Music☆
like,-
like,时光机
like,JaY
like,ChOu
like,-
like,☆魔杰座
like,JVR☆
like,☆曲/JAY
like,编曲/micheal
like,Lin
like,-
like,☆Music...
like,墙角迎风的雏菊
like,茉莉花开的香气
like,闭上眼回到过去
like,划分界限的桌椅
like,下课却靠在一起
like,我就是离不开你
disgust,一路乘着溜滑梯我们说好走到底
like,因为从此就分离
sadness,用黑板上的日期
like,倒数找你
like,慢慢清晰
like,原来思念你是加了糖的消息
like,我用铅笔
like,画得更仔细素描那年天气
like,蝉鸣的夏季
anger,我想遇见你
disgust,那童年的希望是一台时光机我可以一路开心到底都不换气
like,戴竹蜻蜓
like,穿过那森林
like,打开了任意门找到你一起旅行
happiness,那童年的希望是一台时光机
sadness,你我翻滚过来的榻榻米味道熟悉
like,所有回忆
anger,在小叮当口袋里一起荡秋千的默契
like,在风中持续着甜蜜
like,曲童年的回忆永远是最好的时光机.有些话从来不急
happiness,一直都放在心底
like,想要叫你看仔细但错身而过的你
like,已经离去
happiness,哦
like,慢慢清晰
like,在风中找寻着甜蜜
happiness,哦
sadness,持续着甜蜜
happiness,哦
sadness,持续着甜蜜哦
like,持续着甜蜜☆..
like,-
like,给我一首歌的时间
like,JaY
like,ChOu
like,-
like,☆魔杰座
like,JVR☆
like,☆词曲/JAY
like,编曲/micheal
like,Lin☆
like,-
like,☆Music...
sadness,雨淋湿了天空
anger,灰的很讲究
like,你说你不懂为何在这时牵手
sadness,我晒干了沉默
like,悔的更冲动
disgust,就算这次做错也只是怕错过
like,在一起叫梦
anger,分开了叫
like,痛
like,是不是说没有做完的梦最痛
like,-
like,迷路的后
like,果
disgust,我能承受这最后的出口在爱过了才有
sadness,能不能给我一首歌的时间
like,紧紧的把那拥抱变成永远
happiness,在我的回忆里
like,你不用害怕失眠
like,如果你想忘记我也能失忆
sadness,能不能给我一首歌的时间
anger,把故事听到最后才说再见你送我的眼泪
anger,让它留在雨天
disgust,越过你划的线我定了勇气的终点
like,你说我不该
like,不该在这个时候
like,说了我爱你
anger,要怎么证明我没有说谎的力气
sadness,请告诉我而暂停算不算放弃
like,我只有一天的回忆
anger,Rap/你说我不该
like,不该在这个时候
like,说了我爱你
like,要怎么证明我没有说过的力气
like,你说我不该
anger,不该在这时候才说爱你
happiness,要怎么证明我没有说谎的力气我只有一天的回忆☆
like,-
like,☆乔克JOKER叔叔
like,JaY
like,ChOu☆
like,-
like,☆魔杰座
like,JVR☆
like,☆词/黄俊郎
like,曲/JAY
like,编曲/micheal
like,Lin☆
like,-
like,☆Music...
sadness,亲爱的别吓到闭上了眼睛
like,小丑把戏
disgust,不是大家都可以
like,夸张眼影
like,蓝色忧伤的泪滴
happiness,丢丢刀
like,喷喷火
like,踩高跷吹笛
happiness,跌倒失手烧到眉毛我故意哈哈你笑的开心
disgust,我可是在玩命
happiness,扑克牌里
sadness,我的肖像才一两张
like,你看你看我的重要性
happiness,这样的快乐你学会了吗
like,会了吗
happiness,用笨拙又惊险的杂耍继续对你装傻
like,所有的悲伤通通忘了吧忘了吧
anger,听我说
like,拿出你的钞票
like,笑平常买不到
disgust,先生小姐们赶快来
like,赶快来
sadness,再慢就看不到
happiness,座位没剩多少
happiness,还能跟乔克叔叔拍
like,一张照
like,我只是卑微的小丑
like,翻几个跟斗
happiness,就等你拍一拍手人群散了后
sadness,夜色多朦胧
sadness,月光也会跟着我
like,我不是孤独的小丑
anger,你笑了之后
sadness,不需要记得我
happiness,哎
disgust,灯熄的时候
like,漫天的星空
like,最明亮的是寂寞☆Music...下着雨
disgust,我躲在面具里偷偷地在哭泣
sadness,为看了不能说的秘密魔术师我恨你
like,抢走我的生意别忘记
disgust,蝙蝠侠靠我才票房冠军听我说
like,-
like,☆花海
like,Jay
like,Chou☆
like,-
like,☆词/古小力
like,黄凌嘉
like,曲/Jay
like,-
like,☆Music..
sadness,静止了
sadness,所有的花开
like,遥远了
happiness,清晰的爱
like,天郁闷
happiness,爱却更喜欢
sadness,那时候
sadness,我不懂
like,这叫爱
anger,你喜欢
anger,站在那窗台
anger,你好久都没再来
anger,彩色的
like,时间染上空白
disgust,是你流的泪晕开
sadness,不要你离开
like,距离隔不开
like,思念变成海
like,在窗外进不来
like,原谅说太快
sadness,爱成了阻碍
like,手中的风筝放太快回不来
sadness,不要你离开
happiness,回忆花不开欠你的宠爱
disgust,我在等待重来
happiness,天空仍灿烂
like,她爱着大海
like,情歌被打败
disgust,爱已不存在
anger,为了这份爱
like,愿意重新等待。。
like,-
like,☆兰亭序
like,JaY
like,ChOu☆
like,-
like,☆魔杰座
like,JVR☆
like,☆词/方文山
like,曲/JAY☆
like,-
like,☆Music...
like,兰亭临帖
disgust,行书如行云流水
anger,月下门棰心细如你脚步碎
like,忙不迭
like,千年碑易拓
sadness,却难拓你的美
like,奇珍缺页
happiness,真心能给谁
like,牧笛横吹
like,黄酒小菜又几碟夕阳余晖
like,如你的羞怯似醉
like,摹本已写
happiness,而墨香不褪
happiness,印泥都有余味
like,一杆朱砂
disgust,到底揭了谁
like,雾涣风月
sadness,我题序等你回
anger,宣笔一撅
like,那案边浪千叠
like,情字何解
anger,怎落笔都不对
like,而我独缺你一生的了解Rap/雾涣风月
sadness,我题序等你回
anger,宣笔一撅
like,那案边浪千叠
like,情字何解
anger,怎落笔都不对
sadness,而我独缺
disgust,你一生的了解无花风月
anger,我啼血等一回
anger,宣笔一撅
sadness,那岸边浪千叠
like,情字何解
anger,怎落笔都不对
sadness,而我独缺
disgust,你一生的了解弹指岁月
happiness,情琴声清歌竟湮灭
like,青石板街
like,回眸一笑你婉约
happiness,恨了美
disgust,你摇铜镜叹谁让你蹙秀眉
sadness,而深闺徒留胭脂味
disgust,人燕南飞
happiness,转身一别衣溅泪
like,掬一把月
like,手染回忆怎么睡
happiness,又怎么悔
like,心事密缝
like,绣花鞋针针怨怼
like,若花怨蝶
happiness,你会怨着谁
like,雾涣风月
disgust,我题序等你回宣笔一撅
like,那案边浪千叠
like,情字何解
anger,怎落笔都不对
sadness,而我独缺
anger,你一生的了解
like,雾涣风月
sadness,我题序等你回
like,手书无愧
disgust,无惧人间是非
like,雨打蕉叶
happiness,又潇潇了几夜
anger,我等春雷
disgust,来提醒你爱谁☆...
like,-
like,周杰伦
like,-
sadness,说好的幸福呢
like,-
like,词：方文山
disgust,曲：周杰伦
like,-
sadness,你的绘画凌乱着
disgust,在这个时刻我想起喷泉旁的白鸽
happiness,甜蜜散落了
like,情绪莫名的拉扯
sadness,我还爱你呢
like,而你断断续续唱着歌
happiness,假装没事了
sadness,时间过了
like,走了
happiness,爱情面临选择
happiness,你冷了
sadness,倦了
happiness,我哭了
like,离开时的不快乐你用卡片手写着
anger,有些爱只给到这
disgust,真的痛了
sadness,怎么了
happiness,你累了
anger,说好的
like,幸福呢
sadness,我懂了
anger,不说了
sadness,爱淡了
sadness,梦远了
anger,开心与不开心一一细数着
disgust,你再不舍
disgust,那些爱过的感觉都太深刻我都还记得
like,你不等了
anger,说好的
like,幸福呢
sadness,我错了
sadness,泪干了
like,放手了
like,后悔了
anger,只是回忆的音乐盒还旋转着
anger,要怎么停呢
sadness,你的回话凌乱着
disgust,在这个时刻
disgust,我想起喷泉旁的白鸽
happiness,甜蜜散落了
like,-
like,☆蛇舞
like,JaY
like,ChOu☆
like,-
like,☆魔杰座
like,JVR☆
like,☆词/黄俊郎
like,曲/JAY
like,编曲/黄雨动☆
like,-
like,☆Music...
like,尼罗河悄悄
disgust,漫过纸莎草
disgust,蜿蜒像一袭不带感情的纱袍而你穿上后转身为我舞蹈为寂寥的大地舞一场惊叹号
anger,黄昏燃烧金字塔上的云脚
disgust,人面狮身下的影子在预兆
happiness,石阶上焚着油膏在我国度里堆积了几个世纪的尘嚣
sadness,在羊皮卷角古老的明了
like,谁都逃不掉
like,天平上的烦恼
happiness,你微微的笑
like,赤足又扭腰
like,朝着命运凿出一道
like,美艳的符号
like,来找我
like,找不到我
sadness,你那迷路的眼眸(那迷路的眼眸
like,找不到我)
disgust,跟着我
anger,被我诱惑
disgust,众神都已着了魔（众神都着了魔被我诱惑）说爱我
sadness,爱不爱我
like,你那王者的沉默（那王者的沉默爱不爱我）看着我
anger,被我诱惑
like,你的灵魂属于我（你的灵魂属于我被我诱惑）
like,-
like,☆魔术先生
like,JaY
like,ChOu☆
like,-
like,白/杰伦
disgust,你这音乐让我想要变魔术的感觉
like,我刚好
sadness,我跟你讲我学了一个超厉害的魔术
happiness,要不要学学看
sadness,真的
happiness,有没有在听那你
like,有
like,有啊我跟你讲
sadness,很简单
like,左手轻轻握住你的鼻子
like,然后右手
sadness,很简单
anger,穿过你的左手
happiness,我刚才说的是可能要音乐来会比较舒服一点
like,慢一点慢一点
like,这时候找到一面镜子抬头一看
anger,你就变成了一只大象你举手
like,你抬头
disgust,你说选我选我
like,手上锁
sadness,又挣脱
like,你仍一脸迷惑
like,吹个风手一松
like,那硬币竟失踪
happiness,一鞠躬那掌声拍的凶
disgust,手交错轻轻碰
disgust,戒指换手移动
like,给观众一个梦
happiness,讶异中有笑容手穿海报却不拿汉堡
like,反而拿出牛仔帽
like,你永远都猜不着
like,每当我在台上演出人体漂浮
like,你就在台下偷偷吃我的泡芙
like,等待白鸽飞出
anger,再将爱说清楚
like,读你读你读心想啥事
disgust,用古典迫牌方式我手法精致艾尔姆支雷一百分的姿势
like,谁说恋爱别找魔术师
like,我不需要解释
sadness,所以他小丑
sadness,我是大师
like,-
like,☆流浪诗人
like,Jay
like,ChOu☆
like,-
like,☆魔杰座
like,JVR☆
like,-
like,☆Music...
like,-
like,海边篱笆咿呀咿呀风一直刮我像枝桠帮你过滤了风沙
like,墙上的时差滴答滴答还在牵挂
like,我们都偏爱她的长发
like,盖瑞
like,你坐火车讫恰讫恰回来我这
disgust,就像燕子下雨躲屋檐怕冷写一封书信
like,汐沙汐沙写谁的名
like,你讲她的故事给我听远方回音我们迎风边走边弹琴
like,我们的人生
like,因为她开始认真
like,她的眼睛
like,像一幅翠绿的风景
happiness,我们的感情
like,越唱放越深
like,☆。。。-
like,周杰伦&洪荣宏
like,-
like,阿爸
like,我尚亲爱ㄟ阿爸
disgust,阮想马搁叫你一声唱以早你写ㄟ歌
like,感情放落唱不煞我尚思念ㄟ阿爸
anger,换阮唱歌来乎你听
like,歌声亲像燕仔
disgust,带你返来阮这
like,要用啥咪批纸
like,慢慢写
disgust,阮讲ㄟ话你才ㄟ知影不倘不倘痛
happiness,不愿不愿行
anger,讲你离开这
anger,我们在长大
sadness,守着家
like,守着那温馨的
happiness,烛光下沉默安静的对话
anger,越头看
like,阿爸
like,是山
like,我最亲爱的爸爸
anger,你给我们一个家
like,泡杯名叫思念的茶
disgust,浅尝浓郁的牵挂我尚思念ㄟ阿爸
like,换阮唱歌来乎你听歌声亲像燕仔
like,带你返来阮这要用啥咪批纸
like,慢慢写
disgust,阮讲ㄟ话你才ㄟ知影不倘不倘痛
happiness,不愿不愿行
sadness,讲你离开这我们在长大
sadness,守着家
like,守着那温馨的
happiness,烛光下沉默安静的对话
anger,越头看
like,阿爸
like,是山
like,要用啥咪批纸
like,慢慢写
like,阮讲ㄟ话你才ㄟ知影
disgust,不倘不倘痛
happiness,不愿不愿行
anger,讲你离开这
anger,我们在长大
sadness,守着家
like,守着那温馨的
disgust,烛光下沈默安静的对话
anger,越头看
like,阿爸
like,是山
disgust,-Jay同名专辑(BMG博德曼
like,2000)
happiness,-可爱女人
disgust,想要有直升机
like,想要和你飞到宇宙去想要和你融化在一起
like,融化在银河里我每天每天每天在想想想想着你这样的甜蜜
sadness,让我开始相信命运感谢地心引力
like,-
like,完美主义
like,-
like,如果说怀疑
sadness,可以造句如果说分离
like,能够翻译如果这一切
sadness,真的可以我想要将我的寂寞封闭然后在这里
happiness,不限日期然后将过去
sadness,慢慢温习让我爱上你
happiness,那场悲剧是你完美演出的一场戏宁愿心碎哭泣
sadness,再狠狠忘记你爱过我的证据让晶莹的泪滴
like,闪烁成回忆伤人的美丽你的完美主义
happiness,太彻底让我连恨都难以下笔将真心抽离写成日记像是一场默剧你的完美主义
like,太彻底分手的话像语言暴力我已无能为力再提起决定中断熟悉
like,-
like,星晴
like,-
like,乘着风
like,游荡在蓝天边
happiness,一片云掉落在我面前捏成你的形状
happiness,随风跟着我
sadness,一口一口吃掉忧愁载着你
disgust,彷彿载着阳光
disgust,不管到哪里都是晴天蝴蝶自在飞
disgust,花也佈满天
disgust,一朵一朵因你而香试图让夕阳飞翔
disgust,带领你我环绕大自然迎着风
happiness,开始共渡每一天手牵手
disgust,一步两步三步四步
like,望着天看星星
disgust,一颗两颗三颗四颗
like,连成线背对背默默许下心愿看远方的星是否听的见看远方的星如果听的见它一定实现
like,-
like,娘子
like,-
like,Rap
like,娘子
like,娘子却依旧每日折一枝杨柳你在那里
like,在小村外的溪边河口默默等着我娘子依旧每日折一枝杨柳称在那里
like,在小村外的溪边默默等着
like,娘子一壶好酒
sadness,再来一碗热粥配上几斤的牛肉
like,我说站小二三两银够不够景色入秋
like,漫天黄沙掠过塞北的客栈人多
like,牧草有没有我马儿有些瘦世载看透
anger,江湖上潮起潮落什么恩怨过错
anger,在多年以后还是让人难过
happiness,心伤透娘子她人在江南等我泪不休
like,满脸风霜落寞近乡情怯的我
sadness,相思寄红豆相思寄红豆
sadness,无能为力的在人海中漂泊心伤透娘子她人在江南等我泪不休
like,语沉默
like,-
like,斗牛
like,-
like,有什么不妥
disgust,有话就直说别窝在角落
disgust,不爽就反驳到底跩什么
happiness,懂不懂篮球有种不要走
sadness,三对三的牛三分球
disgust,它在空中停留所有人看着我
sadness,抛物线进球单手过人运球
like,篮下妙传出手漂亮的假动作
like,帅呆了我全场盯人防守
happiness,篮下禁区游走快攻抢篮板球
happiness,得分都靠我你拿了球不投
happiness,又不会掩护我选你这种队友
sadness,瞎透了我
like,Rap
sadness,说你说
like,分数怎么停留一直在停留
happiness,谁让它停留的为什么
like,我女朋有友
happiness,场外加油你却还让我出糗你说啊
anger,你怎么抄我球你说啊
happiness,你怎么打我手你说
anger,是不是你不想活说
happiness,你怎么面对我甩开球
happiness,我满腔的怒火我想揍你已经很久
happiness,别想走说
disgust,你眼睛看着我别发抖
happiness,你给我抬起头有话去对医药箱说
sadness,别怪我
like,-
like,黑色幽默
like,-
like,难过
sadness,是因为闷了很久是因为想了太多是心理起了作用你说
happiness,苦笑常常陪着你在一起有点勉强该不该现在休了我不想太多
happiness,我想一定是我听错弄错搞错拜託
like,我想是你的脑袋有问题随便说说
like,其实我早己经猜透看透不想多说只是我怕眼泪撑不住不懂
disgust,你的黑色幽默想通
happiness,却又再考倒我说散
sadness,你想很久了吧？我不想拆穿你当作
disgust,是你开的玩笑想通
happiness,却又再考倒我说散
like,你想很久了吧？败给你的黑色幽默我的认真败给黑色幽默
like,-
like,伊斯坦堡
like,-
like,-
like,印地安老斑鸠
like,-
like,腿短毛不多几天都没有喝水也能活脑袋瓜有一点秀逗猎物死了牠比谁都难过印地安斑鸠
like,会学人开口仙人掌怕羞
like,蜥蝪横着走这里什么奇怪的事都有包括像猫的狗印地安老斑鸠
anger,平常话不多除非是乌鸦抢了牠的窝牠在灌木丛旁邂逅一只令牠心仪的母斑鸠
like,RAP~
like,牛仔红蕃
happiness,在小镇
like,背对背决斗一只灰狼
disgust,问候我
disgust,谁是神枪手巫师
like,他唸唸
like,有词的
happiness,对酋长
like,下诅咒
disgust,还我骷髅头这故事
disgust,告诉我
like,印地安
like,的传说
happiness,还真是
happiness,瞎透了
anger,什么都有
like,-
like,龙卷风爱像一阵风
like,吹完它就走这样的节奏
anger,谁都无可奈何没有你以后
disgust,我灵魂失控黑云在降落
anger,我被它拖着走静静悄悄默默离开陷入了危险边缘
like,Baby~
like,我的世界已狂风暴雨
like,Wu~~~~
like,爱情来的太快
like,就像龙卷风离不开暴风圈
like,来不及逃我不能再想
like,我不能再想我不
anger,我不
like,我不能爱情走的太快
disgust,就像龙卷风不能承受
like,我已无处可躲我不要再想
like,我不要再想我不
anger,我不
like,我不要再想你不知不觉
like,你已经离开我不知不觉
anger,我跟了这节奏后知后觉
sadness,又过了一个秋后知后觉
like,我该好好生活
like,-
like,反方向的钟
like,-
like,迷迷濛濛
like,你给的梦
like,出现裂缝
like,隐隐作痛怎么沟通
like,你都没空
happiness,说我不懂
sadness,说了没用他的笑容
like,有何不同
anger,在你心中
sadness,我不再受宠我的天空
anger,是雨是风
happiness,还是彩虹
like,你在操纵恨自己真的没用
anger,情绪激动一颗心到现在还在抽痛还为分手前那句抱歉
disgust,在感动穿梭时间的画面的钟
like,从反方向
like,开始移动回到当初爱你的时空
like,停格内容
disgust,不忠所有回忆对着我进攻
like,我的伤口
happiness,被你拆封誓言太沉重泪被纵容
like,脸上汹涌
like,失控
like,RAP~
like,城市霓虹
like,不安跳动
like,染红夜空过去种种
like,像一场梦
like,不敢去碰
disgust,一想就痛心碎内容
like,每一秒钟
sadness,都有不同
disgust,你不懂连一句珍重
like,也有苦衷
happiness,也不想送寒风中
like,废墟烟囱
like,停止转动
like,一切落空在人海中
like,盲目跟从
like,别人的梦
like,全面放纵恨没有用
like,疗伤止痛
like,不再感动
anger,没有梦痛不知轻重
like,泪水鲜红
like,全面放纵
like,-
anger,新力博德曼(BMG博德曼
like,2001)-
like,-爱在西元前
sadness,古巴比伦王颁布了汉摩拉比法典刻在黑色的玄武岩
disgust,距今已经三千七百多年你在橱窗前
like,凝视碑文的字眼我却在旁静静欣赏你那张我深爱的脸祭司
like,神殿
like,征战
like,弓箭
like,是谁的从前喜欢在人潮中你只属於我的那画面经过苏美女神身边
happiness,深埋在美索不达米亚平原几十个世纪后出土发现
happiness,泥板上的字迹依然清晰可见我给你的爱写在西元前
sadness,深埋在美索不达米亚平原用楔形文字刻下了永远
happiness,那已风化千年的誓言一切又重演我感到很疲倦离家乡还是很远害怕再也不能回到你身边爱在西元前
like,爱在西元前
like,-
like,把我回来了
like,-
like,我听说通常在战争后就会换来和平为什么看到我的爸爸一直打我妈妈就因为喝醉酒
anger,他就能拿我妈出气我真的看不下去
happiness,以为我较细汉从小到大只有妈妈的温暖
like,为什么我爸爸
anger,那么凶如果真的我有一只翅膀
like,二只翅膀
happiness,随时出发偷偷出发
disgust,我一定带我妈走
happiness,从前的教育别人的家庭
like,别人的爸爸种种的暴力因素一定都会有原因但是呢
happiness,妈跟我都没有错亏我叫你一声爸~爸我回来了不要再这样打我妈妈我说的话
disgust,你甘会听?
happiness,不要再这样打我妈妈难道你手
anger,不会痛吗?
like,其实我回家就想要阻止一切
like,让家庭回到过去甜甜温馨的欢乐香味
disgust,虽然这是我编造出来的事实有点讽刺
like,有点酸性
disgust,但它确在这快乐社会发生产生共鸣产生共鸣来阻止一切暴力
happiness,眼泪随着音符吸入血液情绪从小到大你叫我学习你把你当榜样
like,好多的假像妈妈常说乖~~听你爸的话
like,你叫我怎么跟你像~~
like,不要再这样打我妈妈我说的话
disgust,你甘会听?
happiness,不要再这样打我妈妈难道你手
anger,不会痛吗?
sadness,我叫你爸
like,你打我妈这样对吗
like,干嘛这样何必让酒牵鼻子走~瞎~说都说不听
like,听痛是我们在痛
like,痛
like,-
like,简单爱
like,-
like,说不上为什么
disgust,我变得很主动若爱上一个人
like,什么都会值得去做我想大声宣佈
anger,对你依依不舍连隔壁邻居都猜到我现在的感受河边的风
disgust,在吹着头发飘动牵着你的手
disgust,一阵莫名感动我想带你
happiness,回我的外婆家一起看着日落
sadness,一直到我们都睡着我想就这样牵着你的手不放开爱能不能够永远单纯没有悲哀我
like,想带你骑单车我
disgust,想和你看棒球想这样没担忧
like,唱着歌
happiness,一直走我想就这样牵着你的手不放开爱可不可以简简单单没有伤害你
disgust,靠着我的肩膀你
sadness,在我胸口睡着像这样的生活
like,我爱你
sadness,你爱我想
disgust,简！简！单！单！
sadness,爱...
happiness,想
disgust,简！简！单！单！
sadness,爱.
like,-
like,忍者
like,-
like,.
anger,居酒屋里的小神龛
disgust,离铺满鹅卵石的玄关
like,差不多一米宽的信仰我坐着喝味噌汤
disgust,在旁观看
like,庭园假山京都的夜晚
like,有一种
like,榻榻米
like,的稻香
disgust,叫做禅那里~神社许愿
like,闪过一个画面这里~忍者矇着脸
happiness,在角落吹暗箭心里~幕府又重现从前老东京那条山手线
like,像一齣怀旧的默片呵~~~
disgust,呵~~~
disgust,嘿~~~
like,伊贺流忍者的想法
like,嘿~
like,只会用武士刀比划
like,嘿~
like,我一个人在家
anger,乖乖的学插花
like,日文(是是是我知道了)
like,日文(一二三四)
like,樱花落满地
disgust,有一种神秘
disgust,凝结了空气日文(一二三四)
anger,黑夜里偷袭
like,去攻击
disgust,烟雾当武器日文(一二三四)
like,忍者的物语
anger,要切断过去
disgust,忠心是唯一日文(一二三四)
like,隐身要彻底
happiness,要忘记
sadness,什么是自己
like,-
happiness,开不了口
like,-
happiness,才离开没多久就开始
sadness,担心今天的你过得好不好整个画面是你
like,想你想的睡不着嘴嘟嘟那可爱的模样
happiness,还有在你身上香香的味道我的快乐是你
sadness,想你想的都会笑没有你在我有多难熬(没有你在我有多难熬多烦恼)
disgust,没有你烦我有多烦恼(没有你烦我有多烦恼多难熬)
like,穿过云层
happiness,我试着努力向你奔跑爱才送到
disgust,你却已在别人怀抱就是开不了口
anger,让她知道我一定会呵护着你
like,也逗你笑你对我有多重要
disgust,我后悔没
like,让你知道安静的听你撒娇
disgust,看你睡着
happiness,一直到老就是开不了口
anger,让她知道就是那么简单几句
like,我办不到整颗心悬在半空
happiness,我只能够
anger,远远看着这些我都做得到
anger,但那个人已经不是我
like,-
like,上海1943
like,-
like,旧时光
sadness,一九四三在回忆
like,的路上
happiness,时间变好慢老街坊
like,小弄堂是属於那年代白墙黑瓦的淡淡的忧伤消失的
like,旧时光
like,一九四三回头看
like,的片段
like,有一些风霜老唱盘
like,旧皮箱装满了明信片的铁盒里藏着一片玫瑰花瓣
like,-
like,对不起
like,-
like,广场一枚铜币
disgust,悲伤的很隐密它在许愿池里轻轻叹息太多的我爱你
anger,让它喘不过气已经失去意义戒指在哭泣
disgust,静静躺在抽屉它所拥有的只剩下回忆相爱还有别离
disgust,像无法被安排的雨随时准备来袭我怀念起国小的课桌椅纪录哪最原始的美丽纪录第一次遇见的你(Jay
like,Chou)
sadness,如果我遇见你是一场悲剧我想我这辈子注定一个人演戏最后再一个人慢慢的回忆没有了过去
anger,我将往事抽离如果我遇见你是一场悲剧我可以让生命就这样毫无意义或许再最后能听到你一句轻轻的叹息
like,后悔着对不起
like,-
like,威廉古堡
like,-
like,藤蔓植物
happiness,爬满了伯爵的坟墓古堡里一片荒芜
disgust,长满杂草的泥土不会骑扫把的胖女巫
disgust,用拉丁文念咒语啦啦呜她养的黑猫笑起来像哭
anger,啦啦啦呜
disgust,在吸完血后开始打呼管家是一只会说法语举止优雅的猪吸血前会念约翰福音做为弥补拥有一只蓝色眼睛的凯萨琳公主专吃
like,有AB血型的公老鼠恍恍惚惚
like,是谁的脚步银制茶壶
happiness,装蟑螂蜘蛛辛辛苦苦
like,全家怕日出白色蜡烛
disgust,温暖了空屋恍恍惚惚
like,是谁的脚步客厅壁炉
like,零下的温度辛辛苦苦
like,从不开窗户小小恐怖
like,吸血鬼家族
like,-
like,双截棍
like,-
disgust,干什么(客)
like,呼吸吐纳心自在干什么(客)
disgust,干什么(客)
happiness,气沉丹田手心开干什么(客)
disgust,干什么(客)
disgust,干什么(客)
disgust,我打开任督二脉干什么(客)
disgust,干什么(客)
sadness,东亚病夫的招牌干什么(客)
disgust,干什么(客)
like,-
like,安静
like,-
like,只剩下钢琴陪我谈了一天睡着的大提琴
anger,安静的旧旧的我想你已表现的非常明白我懂我也知道
disgust,你没有舍不得你说你也会难过我不相信牵着你陪着我
anger,也只是曾经希望他是真的比我还要爱你我才会逼自己离开你要我说多难堪
disgust,我根本不想分开为什么还要我用微笑来带过我没有这种天份
like,包容你也接受他不用担心的太多
like,我会一直好好过你已经远远离开
sadness,我也会慢慢走开为什么我连分开都迁就着你我真的没有天份
like,安静的没这么快我会学着放弃你
like,是因为我太爱你
like,-
happiness,Fantasy+Plus(BMG博德曼2001)-
like,-蜗牛
like,该不该搁下重重的壳
anger,寻找到底哪里有蓝天随着轻轻的风轻轻的飘
like,历经的伤都不感觉疼我要一步一步往上爬
happiness,等待阳光静静看着它的脸小小的天有大大的梦想重重的壳裹着轻轻的仰望
like,（轻轻的仰望）我要一步一步往上爬
like,在最高点乘着叶片往前飞任风吹乾
sadness,留过的泪和汗
sadness,总有一天我有属于我的天该不该搁下重重的壳
anger,寻找到底哪里有蓝天随着轻轻的风轻轻的飘
like,历经的伤都不感觉疼我要一步一步往上爬
happiness,等待阳光静静看着它的脸小小的天有大大的梦想
like,重重的壳裹着轻轻的仰望我要一步一步往上爬
like,在最高点乘着叶片往前飞任风吹乾
sadness,留过的泪和汗
sadness,总有一天我有属于我的天我要一步一步往上爬
disgust,等待阳光静静看着它的脸小小的天有大大的梦想我要一步一步往上爬
like,在最高点乘着叶片往前飞任风吹乾
like,留过的泪和汗总有一天我有属于我的天任风吹乾
sadness,留过的泪和汗
sadness,总有一天我有属于我的天
like,-
happiness,你比从前快乐
like,-
disgust,走在熙来攘往的街头
sadness,你不再牵着我的手小心翼翼的将你的小指勾
disgust,泪也小心翼翼的流有些事情你在瞒着我
sadness,你终于还是开了口淡淡一句
happiness,还是朋友
happiness,撕裂的心
sadness,犹如刀割知道分手后你不难过
like,你比从前快乐那祝福的话叫我如何能够说的出口过往的欢乐是否褪色
like,想问你怎么舍得不要在耳边再说你会想我
like,-
like,世界末日
like,-
happiness,想笑
like,来伪装掉下的眼泪
like,点点头
like,承认自己会怕黑我只求
sadness,能借一点的时间来陪
like,你却连同情都不给想哭
disgust,来试探自己痲痺了没
like,全世界
like,好像只有我疲惫无所谓
like,反正难过就敷衍
like,走一回
disgust,但愿绝望和无奈远走高飞天灰灰
happiness,会不会
like,让我忘了你是谁夜越黑
like,梦违背
like,难追难回味我的世界将被摧毁
like,也许事与愿违累不累
happiness,睡不睡
like,单影无人相依偎夜越黑
like,梦违背
like,有谁肯安慰我的世界将被摧毁
like,或许颓废也是另一种美天灰灰
happiness,会不会
disgust,让我入睡
like,夜越黑
like,梦违背
like,有谁安慰
like,-
disgust,八度空间(BMG博德曼2002)-
like,-半兽人
disgust,（收起残忍回忆兽化的过程）
happiness,让我们半兽人的眼神单纯
happiness,（而非贪婪着永恆只对暴力忠诚）
happiness,让我们半兽人的灵魂翻滚
disgust,（停止忿恨永无止尽的战争）
happiness,让我们半兽人的灵魂单纯
disgust,（对远古存在的神用谦卑的身份）冷
disgust,马蹄声让人睡不安稳
disgust,我在等灵魂序曲完成
happiness,带领族人写下祈祷文（哼哼哼哈兮）
sadness,那城镇无谓的在牺牲
like,战火焚祭坛开始下沈
anger,我在等觉悟后的族人
like,往南方大地重新开垦
like,-
happiness,读者：呀，小姐请问一下有没有有卖半岛铁盒？店员：有呀。只要你转第二台架上就有啊。读者：
like,-
happiness,怎么这样子雨还没停你就撑伞要走
anger,已经习惯不去阻止你过好一阵子你就会回来
happiness,印象中的爱情好像顶不住那时间
like,为什么这样子你看着我说你已经决定
sadness,我拉不住你他的手应该比我更暖
like,铁盒的序变成了日记变成了空气演化成回忆
like,-
like,暗号
like,-
anger,连上彼此的讯号才有个依靠
sadness,有太多人太多事夹在我们之间咆哮
happiness,杂讯太多讯号弱就连风吹都要干扰
like,可是你不想一直走在黑暗地下道
happiness,想吹风想自由想要一起手牵手
like,去看海绕世界流浪＃我害怕你心碎没人帮你擦眼泪
sadness,别管那是非只要我们感觉对
sadness,我害怕你心碎没人帮你擦眼泪
like,-
like,龙拳
like,-
like,我把天地拆封将长江水掏空
happiness,人在古老河床蜕变中＊我右拳打开了天化身为龙
like,把山河重新移动填平裂缝
anger,将东方的日出调整了时空
like,回到洪荒去支配去操纵
sadness,我右拳打开了天化身为龙
disgust,那大地心脏汹涌不安跳动
happiness,全世界的表情只剩下一种
anger,等待英雄我就是那条龙
like,-
happiness,火车叨位去
like,-
happiness,按怎你走那个当时没留半张批纸加字
like,过去像溪边ㄟ田蝇拢是逗阵飞ㄟ日子
disgust,这时我想离水ㄟ鱼放枺记剩最后一口气
like,放枺记过去你迷人ㄟ气质
disgust,拢是笑容酸甘呀甜返去故事到这为止＃你那ㄟ全然拢没消息我亲像一只蜂找没蜜
disgust,将过去一张一张ㄟ撕这日历马撕到何时才有你ㄟ字
disgust,你那全然拢没消息像往南ㄟ燕子断翅
like,不曾搁返来巢看历边为啥咪铁支路直直火车叨位去
like,-
like,分裂
like,-
like,-
sadness,爷爷泡的茶
like,-
happiness,查什么字眼形容一件事很遥远
disgust,天边是否在海角对面
anger,知道九岁才知道浪费时间
disgust,这茶桌樟木的横切面年轮有二十三圈
like,镜头的另一边跳接我成熟的脸
happiness,经过这些年爷爷的手茧
sadness,泡在水里会有茶色蔓延＃爷爷泡的茶有一种味道叫做家（没法挑剔它口感味觉还不差）
disgust,陆羽泡的茶听说名和利都不拿（他牵着一匹瘦马走天涯）
happiness,爷爷泡的茶有一种味道叫做家（他满头白发喝茶时不准说话）
disgust,陆羽泡的茶像幅泼墨的山水画（唐朝千年的风沙现在还在刮）啦啦~
happiness,啦啦啦啦啦~
like,啦啦~
like,啦啦~
happiness,啦啦啦啦啦~
like,啦啦~
like,啦啦~
happiness,啦啦啦啦啦~
like,啦啦~
like,啦啦~
happiness,啦啦啦啦啦~
like,-
like,回到过去
like,-
disgust,羞怯的脸带有一点稚气
disgust,想看你的看的世界想在你梦的画面
happiness,只要靠在一起就能感觉甜蜜
happiness,想回到过去试着让故事继续
like,至少不再让你离我而去
like,分散时间的注意这次会抱得更紧
disgust,这样挽留不知还来不来得及想回到过去
like,思绪不断阻挡着回忆播放盲目的追寻仍然空空荡荡
like,-
anger,米兰的小铁匠
like,-
sadness,米兰的天空刚破晓（那马碲铁还要敲多少吉他才能买得到）
disgust,他真的真的想知道（他不知道怎么办才好睡不着）
happiness,他将那扑满打破了（小小愿望就快实现了他在笑）
like,-
like,最后的战役
like,-
like,和那些无所事事一整个夏天的年少
sadness,我放下枪回忆去年一起毕业的学校
disgust,而眼泪一直都忘记要掉
like,嘲笑的声音在风中不断被练习
happiness,这树林间充满了敌意
sadness,部队弃守阵地你坚持要我也离去
sadness,我怎么能放弃
disgust,我留着陪你
like,强忍着泪滴
like,-
like,有些事真的
like,来不及
like,回不去
disgust,你脸在抽搐
disgust,就快没力气
sadness,家乡事不准我再提
disgust,我留着陪你
like,最后的距离
like,是你的侧脸
happiness,倒在我的怀里
like,你慢慢睡去
anger,我摇不醒你
anger,泪水在战壕里
like,决了堤
like,-
anger,我们在成长
like,-
anger,我们在成长
disgust,从来不曾要知道有话就去讲
sadness,只会让我更强壮我们在成长
like,从来不曾要知道一起来鼓掌
disgust,活得比别人漂亮有话就去讲
happiness,只会让我更强壮阳光洒落在教堂
like,牵牛花爬满的墙上面有一只小螳螂
happiness,他迎着风吹过的方向一次又一次的在练习飞翔这里有池塘
disgust,这里有花香这里还有肥沃的土壤
disgust,和那只想飞的螳螂它跌倒受伤
like,却从来就不打算要
like,投降
like,坚持着理想
happiness,(一向)喜欢
like,不能够说谎
like,不能够猜想
happiness,更不能害怕要经过这样
happiness,才会有一只强壮
sadness,他能带你到任何地方的翅膀小螳螂
happiness,就像树苗一样
happiness,需要空气跟阳光才能够
happiness,一年
happiness,又一年的慢慢茁壮衍生大地上
like,小树苗成长不能让未来缺少这主人翁我们在成长
like,从来不曾要知道一起来鼓掌
disgust,活得比别人漂亮有话就去讲
sadness,只会让我更强壮别人的事情
like,来不及你的远亮我们在成长
happiness,从来不曾要知道我们一起来歌唱
disgust,有爱就会有希望少年的脸庞
sadness,不该有一点沮丧有风有雨的夜晚
happiness,爱让人坚强啦啦啦啦啦啦啦啦啦
sadness,啦啦啦啦啦啦啦啦啦啦啦啦啦啦啦啦啦啦
sadness,啦啦啦啦啦啦啦啦啦啦啦啦啦啦啦啦啦
sadness,啦啦啦啦啦啦啦啦啦啦啦啦啦啦啦啦啦啦
happiness,啦啦啦啦啦啦啦啦我们在成长
like,从来不曾要知道一起来鼓掌
disgust,活得比别人漂亮有话就去讲
sadness,只会让我更强壮别人的事情
like,来不及你的远亮我们在成长
happiness,从来不曾要知道一起来歌唱
disgust,有爱就会有希望少年的脸庞
like,不该有一点沮丧有风-
disgust,-<叶惠美>(新力音乐
like,2003)
like,-以父之名
like,微凉的晨露
disgust,沾湿黑礼服
like,石板路有雾
happiness,父在低诉无奈的觉悟
like,只能更残酷
happiness,一切都为了
disgust,通往圣堂的路吹不散的雾
sadness,隐没了意图
like,谁轻柔踱步
like,停住还来不及哭
like,穿过的子弹
like,就带走温度我们每个人都有罪
happiness,犯着不同的罪我能决定谁对
like,谁又该要沈睡争论不能解决
anger,在永无止境的夜关掉你的嘴
sadness,唯一的恩惠挡在前面的人都有罪
disgust,后悔也无路可退以父之名判决
disgust,那感觉没有适合字汇就像边笑边掉泪
like,凝视着完全的黑阻挡悲剧蔓延的悲剧会让我沈醉＊低头亲吻我的左手
like,换取被宽恕的承诺
sadness,老旧管风琴在角落
like,一直一直一直伴奏
anger,黑色帘幕被风吹动
like,阳光无言的穿透
sadness,洒向那群被我驯服后的
like,兽
like,沈默的喊叫
like,沈默的喊叫
happiness,孤单开始发酵
disgust,不停对着我嘲笑
like,回忆逐渐延烧
sadness,曾经纯真的画面
like,残忍的温柔出现
like,脆弱时间到
happiness,我们一起来祷告＃仁慈的父我已坠入
like,看不见罪的国度
like,请原谅我的自负
like,没人能说没人可说
like,好难承受
like,荣耀的背后刻着一道孤独闭上双眼我又看见
anger,当年那梦的画面
anger,天空是蒙蒙的雾父亲牵着我的双手
like,轻轻走过
anger,清晨那安安静静的石板路
like,Repeat
like,（仁慈的父
anger,我已坠入
like,看不见罪的国度
sadness,请原谅我
like,我的自负
like,刻着一道孤独）
like,Repeat
sadness,那斑驳的家徽
sadness,我擦拭了一夜
like,孤独的光辉
like,我才懂的感觉烛光
like,不
like,不
like,停的摇晃
disgust,猫头鹰在窗棂上
sadness,对着远方眺望通向大厅的长廊
disgust,一样说不出的沧桑没有喧嚣
like,只有宁静围绕
sadness,我
like,慢慢睡着
happiness,天
like,刚刚破晓
like,-
like,-懦夫
disgust,周围的人群堵住了我的出口
happiness,想爬起来我只能说真的好难防火巷传来的枪声把我从天堂叫醒
disgust,一名白种人褐色头发在我面前倒下从他的手里那半包看到不少我荒唐的影子
like,从他的眼球看到发抖的我是那么的丑陋
like,于是检起地上他那第二个钮扣
like,提醒自己该开始懂事不被软性药物控制
sadness,在我的眼里懂得拒绝才能存活下来活着不是用来演一出糜烂的黑色喜剧
like,说不我很后悔当初没有这样的肯定
anger,说不
like,不代表懦夫真不该
like,睁不开
happiness,别让我的地球变暗
like,互相残杀的动物真美被期待
sadness,被覆盖
like,蜕变的公式我学不来
like,我闻不到腐烂的香味说不我很后悔当时没有这样的肯定
anger,说不
disgust,不代表懦夫你应该很骄傲
disgust,我看不起人们无知的好奇作祟
sadness,心态去亲近死神
like,你了吗
like,很了吗
happiness,肮脏的香味我吸了太多太多腐败的视野我看了太多太多
like,瞳孔放大
happiness,是否玩大风吹也许就能看到真不该
like,睁不开
happiness,别让我的地球变暗
sadness,(街角的消防栓上的红色油漆
anger,反射出儿时天真的嬉戏模样)
happiness,被期待
sadness,被覆盖
like,蜕变的公式我学不来
disgust,(难道这不是我要的天堂景象
like,沉沦假象
anger,你只会感到更加沮丧)
like,-
like,-晴天
like,故事的小黄花
disgust,从出生那年就飘着
sadness,童年的荡秋千随记忆一直晃到现在
anger,吹着前奏望着天空我想起花瓣试着掉落
like,为你翘课的那一天花落的那一天
like,教室的那一间
anger,我怎么看不见
like,消失的下雨天我好想再淋一遍
like,没想到失去的勇气我还留着
sadness,好想再问一遍你会等待还是离开
like,刮风这天
like,我试过握着你手但偏偏
like,雨渐渐
sadness,大到我看你不见
like,还要多久我才能在你身边
anger,等到放晴的那天
like,也许我会比较好一点从前从前
sadness,有个人爱你很久
like,但偏偏
like,风渐渐
disgust,把距离吹得好远好不容易
like,又能再多爱一天
like,但故事的最后你好像还是说了拜拜
like,-
disgust,-三年二班
disgust,眼睛你要擦亮
like,记住我的模样
like,表情不用太紧张
sadness,我是
like,三年二班我专心打球的侧脸还满好看黑板
sadness,是吸收知识的地方只是教室的阳光
like,那颜色我不太喜欢没有操场的自然
sadness,为何比较漂亮的都是在隔壁班还有考卷的答案
disgust,我刚好都不会算没关系
happiness,再继续努力
disgust,没关系为什么上课时举手很难
happiness,为什么拿线上宝物简单为什么女生不喜欢太胖
anger,为什么别人手机在响正手发长球的打法只是初级乒乓反手短打再狠狠杀球是高级乒乓这第一名到底要多强（不用问
happiness,一定有人向你挑战）
like,到底还要过多少关
like,（不用怕
happiness,告诉他们谁是男子汉）
happiness,可不可以不要这个奖（不想问
like,我只想要留一点汗）
sadness,我当我自己的裁判
happiness,（不想说
happiness,选择对手跟要打的仗）＊我不想
like,就这样一直走
like,每天都遇上
like,充满敌意那种眼光
like,等机会
happiness,就是要打倒对方
like,这种结果我不要
like,这虚荣的骄傲
sadness,这目的很好笑
anger,我其实都知道
sadness,你只是想炫耀
like,我永远做不到
sadness,你永远赢不了
like,我永远做不到
sadness,你永远赢不了
happiness,永远都赢不了走乡下
happiness,寻找哪有花香（为什么
disgust,这么简单你做不到）坐车厢
happiness,朝着南下方向（为什么
like,这种速度你追不到）鸟飞翔
like,穿过这条小巷（为什么
like,这么简单你做不到）仔细想
happiness,这种生活安详（为什么
happiness,这种速度你追不到）不好笑
like,不好笑
like,不好笑
like,不好笑
like,不好笑
happiness,不好笑我不想
like,就这样一直走
like,每天都遇上
like,充满敌意那种眼光等机会
happiness,就是要打倒对方
like,这种结果我不要
happiness,这虚荣的骄傲我不想
like,就这样一直走
like,每天都遇上
like,充满敌意那种眼光等机会
happiness,就是要打倒对方
like,这种结果我不要
happiness,这虚荣的骄傲走乡下
sadness,寻找哪有花香坐车厢
like,朝着南下方向鸟飞翔
like,穿过这条小巷仔细想
like,这种生活安详
like,-
like,-东风破
like,一盏离愁
like,孤单伫立在窗口我在门后
like,假装你人还没走旧地如重游
happiness,月圆更寂寞夜半清醒的烛火
like,不忍苛责我一壶漂泊
like,浪迹天涯难入喉
happiness,你走之后
like,酒暖回忆思念瘦
like,水向东流
like,时间怎么偷
like,花开就一次成熟
like,我却错过谁在用琵琶弹奏
like,一曲东风破
happiness,岁月在墙上剥落
like,看见小时候
like,犹记得那年我们都还很年幼
like,而如今琴声幽幽
like,我的等候你没听过谁再用琵琶弹奏
like,一曲东风破
like,枫叶将故事染色
disgust,结局我看透
happiness,篱笆外的古道我牵着你走过
like,荒烟漫草的年头
disgust,就连分手都很沉默
like,-
like,-你听得到
like,有谁能比我知道
happiness,你的温柔像羽毛
disgust,秘密躺在我怀抱
anger,只有你能听得到
happiness,还有没有人知道
disgust,你的微笑像拥抱
disgust,多想藏着你的好
happiness,只有我看得到站在屋顶只对风说
happiness,不想被左右本来讨厌下雨的天空
happiness,直到听见有人说爱我坐在电影院的二楼
anger,看人群走过
sadness,怎么那一天的我们
sadness,都默默的微笑很久我想我是太过依赖
anger,在挂电话的刚才
like,坚持学单纯的小孩
happiness,静静看守这份爱
happiness,知道不能太依赖
disgust,怕你会把我宠坏
disgust,你的香味一直徘徊
sadness,我舍不得离开我想我是太过依赖
sadness,在挂电话的刚才坚持学单纯的小孩
happiness,我舍不得离开
like,-
like,-同一种调调
anger,全身纯白色的那雕像石膏
anger,颜色干净没有压力的很讨好我坐在客厅模仿雕像思考
like,却彷佛听到同样想法的困扰针叶林树梢
disgust,穿过绿色隧道
anger,一股神秘在敲
like,我们都拥有着相同的大脑
sadness,一样的嗜好
disgust,门上流苏线条在摇晃炫耀但是如果没有风它也办不到
sadness,我知道共同的默契很重要那骄傲才不会寂寞的很无聊
like,书框的城堡
disgust,像欧洲情调对着这张海报
like,我们在远距离
like,欣赏
like,与微笑
disgust,沉默无法伪造我们同一种调调
like,不关心天气预报
happiness,因为那无关紧要想打球下大雨照跳
like,只收看音乐频道
disgust,渴望在天空一角做记号那里蓝色最好
disgust,我很了
disgust,默契无法伪造
like,我们同一种调调凡事都自己主导
like,决定穿什么外套
like,有专属的铃声讯号从不跟别人比较
like,只喝过冰过的饮料
like,很少笑
like,吃全麦的面包
happiness,RAP:快疯掉
like,情绪偏离轨道
like,快疯掉
like,我睡不着
like,快疯掉表情开我玩笑
like,快疯掉
like,我受不了
like,这样也好
sadness,如果身份对调我的烦恼
disgust,你也会感同身受的知道
anger,闷闷的很干燥
like,快疯掉
like,快疯掉
like,-
like,-她的睫毛
happiness,亲爱的总些事没办法教
anger,表情错的有一点糟
disgust,赖着不走会让人
like,很感冒
anger,以上这道理我全都了
like,我将不该犯的错都默背好仔细观察她的喜好
happiness,而我紧绷的外表
anger,向上紧后的发条等她的答案揭晓
like,她的睫毛
disgust,弯的嘴角
like,无预警的对我笑没有预兆
like,出乎预料
like,竟然先对我示好
like,她的睫毛
happiness,弯的嘴角用眼神对我拍照
sadness,我戒不掉
happiness,她的微笑
sadness,洋溢幸福的味道有些是没办法教
anger,表情错的有一点糟
anger,赖着不走
anger,会让人很感冒
anger,以上这道理我全都了
like,恋爱的方式无法拿笔来抄也没有规则可以取巧
like,被动的缘分很不可靠
like,喜欢的对象要自己挑她粉嫩清秀的外表
like,像是多汁的水蜜桃
disgust,谁都想咬她嘴上亮丽的唇膏
like,有一股自信的骄傲
like,我看得到
like,RAP:她的睫毛
disgust,弯的嘴角
like,无预警的对我笑
anger,没有预兆出乎预料
like,竟然先对我示好
like,她的睫毛
happiness,弯的嘴角用眼神对我拍照
sadness,我戒不掉
happiness,她的微笑
happiness,洋溢幸福的味道
like,-
disgust,-爱情悬崖
like,你说我像一个小孩
sadness,总爱让你猜
disgust,我说你才像个小孩总要我说才明白
like,有些事太快
happiness,失去了等待
like,障碍
like,没了期待我们的爱
sadness,怎么才自然
disgust,每次沟通不来
like,就要离开
like,就说不要爱我掉进爱情悬崖
happiness,跌太深爬不出来
like,下降的速度太快来不及踏上未来
like,你的爱反覆徘徊
anger,打乱我的呼吸节拍该怎么逃开
anger,我控制不来
like,我掉进爱情悬崖
anger,回想起你的可爱傻傻的还在等待
like,以为你还会回来
sadness,你的脸慢慢离开时间快将我掩埋
like,消失的太快
anger,我负荷不来
like,-
like,-梯田
anger,文山啊
anger,等你写完词
disgust,我都出下一张专辑罗
like,没关系
like,慢慢来
happiness,这首歌我自己来说到中学时期
like,家乡的一片片梯田
happiness,是我看过最美的绿地于是也因此让我得了最佳摄影
like,莫名其妙在画面中的我
anger,不会写词都像个诗人坐着公车上学的我
like,看着窗外的牛啃草
like,是一种说不出的自由自在
like,Hoi
like,Ya
like,E
like,Ya
like,那鲁湾
like,Na
like,E
like,Na
like,Ya
like,Hei
anger,哦～我亲爱的牛儿啊
like,Hoi
like,Ya
like,E
like,Ya
like,那鲁湾
like,Na
like,E
like,Na
like,Ya
like,Hei
disgust,哦～跑到哪儿去啦面店旁的小水沟
sadness,留着我们长大的梦
like,绕过天真
like,跳至收割期人们的汗水夹杂着满足与欢喜
like,是我现在最舍不得的画面
like,也是我另一项参展作品靠着回忆
like,画成油画
like,拿到奖状
like,有个啥用
anger,鼓励你多去回忆是吧哼我真想撕掉
like,换回自然
like,怎么梯田不见
sadness,多了几家饭店
anger,住在里面看西洋片几只水牛
like,却变成画
anger,挂在墙壁上
like,象徵人们
anger,蒸蒸日上一堆游客偶尔想看看窗外的观光景点
like,但只看到
like,比你住的再高一层的饭店
like,Hoi
like,Ya
like,E
like,Ya
like,那鲁湾
like,Na
like,E
like,Na
like,Ya
like,Hei
anger,哦～我亲爱的牛儿啊
like,Hoi
like,Ya
like,E
like,Ya
like,那鲁湾
like,Na
like,E
like,Na
like,Ya
like,Hei
disgust,哦～跑到哪儿去啦因地制宜
like,综合利用
happiness,利用对还是不对自私的人类
sadness,狼不狼狈
like,破坏自然的生态
like,会不会很累你说为了艺术
like,要砍下一棵树
anger,酱对还是不对你说为了装饰
anger,请问干我啥事
like,是不是只能用相机纪录自然拿给下一代下一代回味可怜可悲
anger,森林绿地都已成纪录片
like,闻不到绿意盎然
anger,只享受到乌烟瘴气我不能教育你们
happiness,我不是你们老师
like,我不是校长也不能给你们一巴掌...掌...长...长...长篇大论你们并不想听
happiness,我知道但我没办法
like,我就是要写你们可能永远不能体会
disgust,显微镜底下的我们
anger,会更现实更自私
like,这种艺术
anger,真的很难领悟
like,-
like,-双刀
sadness,透过镜头重新剪接历史给人的想像
disgust,八厘米纪录片的桥段隔着距离欣赏正邪对立的两方
disgust,我握紧拳头开始习惯
like,以牙还牙的手段风
like,盘旋烟雾弥漫
like,我虔诚点的香
like,在祈祷着平安＊从天台向下俯瞰暴力在原地打转
disgust,上一代解决的答案是微笑不抵抗
disgust,被雨淋湿的的唐装那股叹息很东方
happiness,我看不惯尊严受伤家族如此不堪风
like,缓缓绕过武馆
disgust,正上方的月亮
sadness,那颜色中国黄透过透过镜头重新剪接历史给人想像
like,八厘米纪录片的桥段在播放
disgust,隔着距离欣赏正邪对立的两方
disgust,我握紧拳头开始习惯
like,那以牙还牙以牙还牙手段
disgust,恐惧来自退让
like,Rap:双刀的正前方
like,我杀气不转弯
sadness,被对我的力量
happiness,它自己却受伤双刀的右下方
anger,我挥刀去了断
sadness,将恩怨全看穿
disgust,丹凤眼的目光
like,-
like,-周杰倫
like,-
like,太委屈
sadness,當她橫刀奪愛的時候
anger,你忘了所有的誓言
anger,她揚起愛情勝利的旗幟
like,你要我選擇繼續愛你的方式
anger,你曾經說要保護我
anger,只給我溫柔沒挫折
anger,可是現在你總是對我迴避
disgust,不再為我有心事而著急
like,人說戀愛就像放風箏
disgust,如果太計較就有悔恨
sadness,於是你們都忘了告訴我
happiness,放縱的愛也會讓天空劃滿傷痕
like,太委屈
sadness,連分手都是讓我最後得到消息
like,不哭泣
sadness,因為我對情對愛全都不曾虧欠你
like,太委屈
like,還想念你
sadness,你卻把別人擁在懷裡
happiness,不能再這樣下去
like,穿過愛的暴風雨
like,寧願清醒忍痛的放棄你
like,也不在愛的夢中委屈自己-
disgust,<寻找周杰伦>(新力音乐2003)
like,-轨迹
like,怎么隐藏
like,我的悲伤
happiness,失去你的地方你的发香
like,散的匆忙
anger,我已经跟不上闭上眼睛
like,还能看见
sadness,你离去的痕迹在月光下
like,一直找寻
anger,那想念的身影如果说分手
sadness,是苦痛
like,的起点那在终点之前
like,我愿意再爱一遍想要对你说的
happiness,不敢说的爱会不会有人可以明白我会发着呆
disgust,然后忘记你
like,接着紧紧闭上眼想着那一天
like,会有人代替
like,让我不再想念你我会发着呆
happiness,然后微微笑
like,接着紧紧闭上眼又想了一遍
anger,你温柔的脸
sadness,在我忘记之前心里的眼泪
sadness,模糊了视线
like,你已快看不见
like,-
happiness,-断了的弦
like,断了的弦再怎么连
sadness,我的感觉你已听不见你的转变像断掉的弦
disgust,再怎么接音都不对
like,你的改变我能够分辨我沈默
sadness,你的话也不多
like,我们之间少了什么不说哎唷～微笑后表情终于有点难过(握着你的手)
happiness,问你确定了再走我突然释怀的笑
anger,笑声盘旋半山腰随风在飘摇啊摇
disgust,来到你的面前绕你泪水往下的掉
sadness,说会记住我的好
sadness,我也弯起了嘴角笑你的美已经给了谁
sadness,追了又追我要不回我了解离开树的叶
like,属于地上的世界凋谢断了的弦再弹一遍
sadness,我的世界你不在里面我的指尖已经弹出茧
disgust,还是无法留你在我身边断了的弦再怎么练
sadness,我的感觉你已听不见你的转变像断掉的弦
disgust,再怎么接音都不对
like,你的改变我能够分辨
like,-
disgust,<七里香>(新力音乐
like,2004)
like,-
like,-我的地盘
disgust,在我地盘这
like,你就得听我的
anger,把音乐收割
happiness,用听觉找快乐
like,开始在雕刻
anger,我个人的特色
like,未来难预测
sadness,坚持当下的选择在我地盘这
like,你就得听我的
like,节奏在招惹
anger,我跟街舞亲热
happiness,我灌溉原则
like,培养一种独特
like,观念不及格
sadness,其他全部是垃圾用态度扩张地盘到底什么意思
happiness,怎么一回事广场的鸽子
like,佔领头版的报纸
disgust,一种全新的解释标题关于这座城市
happiness,关于一种学习考试
like,和年轻就该有的本事动感地带的交通号志
anger,到底离我有几公尺我说老师
like,我是不是真的不懂事听我念饶舌歌词
like,欣赏我打拳的样子我站在教室
like,练拳方式
anger,你的样子
like,线条一致隔壁的小姑娘
happiness,公开表演需要勇气别人玩线上游戏
anger,我偏耍猴戏我用形意猴拳在练习
sadness,引你注意如果觉得有趣
like,不要吝啬
like,示个好意青春是干净的纯白
disgust,像一遍绿地的窗外我将记忆的门打开
disgust,把所有发生的事记下来那弹钢琴的孩子
happiness,正用他们的手指
sadness,弹奏未来的历史我用手机传中文字
disgust,那传输的速度绝对会让你们竖起大姆指生活不该有公式
disgust,我可以随性跳芭蕾舞照节拍
like,手放开
like,静下来
disgust,像一只天鹅把脚尖掂起来讲究速食的这年代
disgust,也可以很天真的说爱
like,-
like,-七里香
anger,窗外的麻雀在电线桿上多嘴
disgust,你说这一句很有夏天的感觉手中的铅笔在纸上来来回回
happiness,我用几行字形容你是我的谁秋刀鱼的滋味猫跟你都想了解
disgust,初恋的香味就这样被我们寻回那温暖的阳光像刚摘的鲜艳草莓
like,你说你舍不得吃掉这一种感觉雨下整夜我的爱溢出就像雨水
like,院子落叶跟我的思念厚厚一叠
like,几句是非也无法将我的热情冷却
like,你出现在我诗的每一页
disgust,(雨下)整夜我的爱溢出就像雨水
disgust,窗台蝴蝶像诗里纷飞的美丽章节
disgust,我接着写把永远爱你写进诗的结尾
sadness,你是我唯一想要的了解那饱满的稻穗幸福了这个季节
anger,而你的脸颊像田里熟透的番茄你突然对我说七里香的名字很美
like,我此刻却只想亲吻你倔强的嘴
like,-
like,-借口
like,翻着我们的照片
like,想念若隐若现
like,去年的冬天
anger,我们笑得很甜看着你哭泣的脸
happiness,对着我说再见
like,来不及听见
anger,你已走得很远也许你已经放弃我
disgust,也许已经很难回头我知道是自己错过
happiness,请再给我一个理由说你不爱我就算是我不懂
like,能不能原谅我
like,请不要把分手
anger,当作你的请求我知道坚持要走
disgust,是你受伤的借口
happiness,请你回头
like,我会陪你
like,一直走到最后就算没有结果
like,我也能够承受
like,我知道你的痛
like,是我给的承诺你说给过我纵容
happiness,沉默是因为包容
like,如果要走
like,请你记得我如果难过
happiness,请你忘了我
like,-
like,-外婆
sadness,今天是外婆生日
happiness,我换上复古西装载着外婆开着拉风的古董车兜兜兜风车里放着她的最爱
anger,找回属于是她的时代往大稻程码头开去把所有和外公的往事静静回忆外婆她脸上的涟漪
anger,美丽但藏不住压抑失去了爱情只盼望亲情
disgust,弥补回应大人们以为出门之前桌上放六百就算是孝敬一天到晚拼了命
anger,赚钱少了关怀有什么意义外婆她的期待
like,慢慢变成无奈
like,大人们始终不明白她要的是陪伴
disgust,而不是六百块
like,比你给的还简单外婆她的无奈
happiness,无法变成期待
like,只有爱才能够明白走在淡水河畔
like,听着她的最爱
like,把温暖放回口袋记得去年外婆的生日
anger,表哥带我和外婆参加她最最重视的颁奖典礼
like,结果却拿不到半个奖不知道该笑不笑
like,我对着镜头傻笑
happiness,只觉得自己可笑我难过
happiness,却不是因为没有得奖而难过我失落
like,是因为看到外婆失落而失落大人们根本不能体会
anger,表哥他的用心好像随他们高兴就可以彻底的否定否定我的作品
sadness,决定在于心情想坚持风格他们他们就觉得很欧颗
like,没惊喜没有改变我已经听了三年
anger,我告诉外婆
sadness,我没输
happiness,不需要改变表哥说不要觉得可惜
like,这只是一场游戏只要外婆觉得好听
like,那才是一种鼓励外婆露出了笑容说她以我为荣浅浅的笑容
sadness,就让我感到比得奖它还要光荣
like,-
like,-将军
disgust,时间的箭头都指向你铩羽而归的地方你会前进
disgust,但终究还是要习惯投降想当然耳
like,第六步是你最大的致命伤我按兵不动
like,出于习惯
anger,凡事沈默的酝酿当头炮纯粹出于我礼貌的开场屏风马神华内敛才能以柔克刚第二十六着炮五进四
disgust,只是在试探性衡量三十三招车二平七的出手
disgust,我手指放松
disgust,我目光如龙
anger,当敌人是空
happiness,我战法无穷
happiness,我攻势如风
like,用单车入宫
like,碾过你懊丧的脸孔
happiness,看我
disgust,我手指放松
disgust,我目光如龙
anger,当敌人是空
sadness,我左右开弓
sadness,我气势如虹
like,将跑马尽用
sadness,兵临城下想逃都没用
sadness,(阳光从树叶细缝露出了笑容
happiness,温暖了我的美梦
like,只有笼里的画眉羡慕着天空
happiness,却从来没有人懂)
anger,我对着潮汐推敲什么是以静制动山林间迷雾能不能当障眼法的内容月转星移的轨迹
sadness,跟临军佈阵相同风林火山
happiness,是不是用兵之重到最后必然是我运筹帷幄
sadness,你最后放弃抵抗我仰望着夕阳
like,你低头黯然离场
anger,听我说胜败是兵家之常你不用放在心上
anger,是因为我只适合无双
like,-
like,-搁浅
like,久未放晴的天空
sadness,依旧留着你的笑容
like,哭过
like,却无法掩埋歉疚
happiness,风筝在阴天搁浅
like,想念还在等待救援
like,我拉着线
disgust,复习你给的温柔暴晒在一旁的寂寞
anger,笑我给不起承诺
like,怎么会怎么会
anger,你竟原谅了我
like,☆我只能永远对着对白
like,读着我给你的伤害
anger,我原谅不了我
happiness,就请你当作我已不在
happiness,我睁开双眼
like,看着空白
sadness,忘记你对我的期待
disgust,读完了依赖
disgust,我很快就离开我只能永远对着对白
sadness,读着我给你的伤害我原谅不了我
happiness,就请你当作我已不在我睁开双眼
like,看着空白
happiness,忘记你对我的期待读完了依赖
sadness,我很快就离开
like,-
like,-乱舞春秋
anger,那混乱的年代
like,朝廷太腐败
sadness,人祸惹天灾东汉王朝在一夕之间崩坏
disgust,兴衰九州地图被人们切割成三块
happiness,分开读三国历史的兴衰
like,想去瞧个明白看看看就马上回来刀剑棍棒
disgust,我随口讲
happiness,原来真有时光机这么夸张穿梭时空过瘾又嚣张
disgust,万一有去无回怎么办老实说有点紧张
like,啊啊江山
disgust,我站在云端
like,慢慢
happiness,往中原方向前方
like,散落着村庄
like,长安
like,在兵荒马乱望着天眼看北斗七星坠入地平线瞬间
happiness,英雄豪杰犹如鬼魅般地出现我呸
sadness,谁也不服谁
happiness,我是龟你是鳖
like,啦啦啦啦啦
disgust,啦啦啦妖兽扰乱人间秩序
like,血腥如浪潮般来袭
happiness,我小命差点没续集
anger,还好有时光机我谢谢你
like,人魔开始重出地狱
like,叛军如野火般攻击
like,五官差点离开身体
anger,还好有时光机我谢谢你曹魏枭雄在
like,蜀汉多人才
sadness,东吴将士怪七星连环败诸葛亮的天命不来这些书都有记载
like,不是我在乱掰等到东方鱼肚白我再来跟你说嗨嘴里有刀
like,说破歌谣千年恩怨
disgust,一笔勾销生命潦草
anger,我在弯腰历史轮回
disgust,转身忘掉黄巾贼你不要吵
disgust,(嘴里有刀
disgust,说破歌谣)
disgust,倭咱姥姥和水擀面条
like,(千年恩怨
like,一笔勾销)
like,放下刀
like,若想吃饱
disgust,(生命潦草
like,我在弯腰)
anger,去找皇帝老爷讨
like,(历史轮回
like,转身忘掉)
anger,黄巾贼你不要闹
happiness,倭咱姥姥烧柴煮水饺放下刀
like,若想吃饱
like,去找皇帝老爷讨妖兽扰乱人间秩序
happiness,血腥如浪潮般来袭我小命差点没续集
sadness,还好有时光机我谢谢你嘴里有刀
like,说破歌谣
disgust,(妖兽扰乱人间秩序)
like,嘴里有刀
like,说破歌谣
disgust,(血腥如浪潮般来袭)
like,千年恩怨
like,一笔勾销
sadness,(我小命差点没续集)
like,千年恩怨
like,一笔勾销
sadness,(还好有时光机我谢谢你)
like,生命潦草
like,我在弯腰
like,(人魔开始重出地狱)
like,生命潦草
like,我在弯腰
disgust,(叛军如野火般攻击)
like,历史轮回
like,转身忘掉
like,(五官差点离开身体)
like,历史轮回
like,转身忘掉
sadness,(还好有时光机我谢谢你)
like,-
like,-困兽之斗
like,我在阴暗中降落
happiness,世界在雨中淹没画面与现实交错
disgust,无法抽离卡在胸口躯壳如行屍走肉
happiness,陷阱漩涡我已受够挣脱逃离这个空洞如果
sadness,我冲出黑幕笼罩的天空就别(想)在捆绑我的自由在狂风之中
like,嘶吼
like,作困兽之斗我奋力冲破
like,封闭的思绪震开裂缝
disgust,燃烧的花朵
like,升空
disgust,消失在空中记忆在剥落
like,残留的影响轮廓
sadness,溃散在薄雾中
like,-
like,-园游会
like,琥珀色黄昏像糖在很美的远方
like,你的脸没有化妆我却疯狂爱上思念跟影子在傍晚一起被拉长
happiness,我手中那张入场券陪我数羊薄荷色草地芬芳像风没有形状
disgust,我却能够牢记你的气质跟脸庞冷空气跟琉璃在清晨很有透明感
sadness,像我的喜欢被你看穿摊位上一朵艳阳
like,我悄悄出现你身旁你慌乱的模样
disgust,我微笑安静欣赏我顶着大太阳
sadness,只想为你撑伞
sadness,你靠在我肩膀
like,深呼吸怕遗忘因为捞鱼的蠢游戏我们开始交谈
sadness,多希望话题不断
like,园游会永不打烊汽球在我手上
sadness,我牵着你瞎晃
like,有话想对你讲
anger,你眼睛却装忙鸡蛋糕跟你嘴角果酱我都想要尝
anger,园游会影片在播放
anger,这个世界约好一起逛
like,-
like,-止战之殇
disgust,光轻如纸张
happiness,光散落地方
disgust,光在掌声渐息中它慌忙她在传唱不堪的伤
anger,脚本在台上演出最后一场而全村的人们在座位上
like,静静的看时间如何遗弃这剧场战火弄髒她的泪光
happiness,谁在风中吵着吃糖这故事一开始的镜头灰尘就已经遮蔽了阳光
happiness,恐惧刻在孩子们脸上
sadness,麦田已倒向战车经过的方向
disgust,蒲公英的形状在飘散
like,它绝望的飞翔
like,她只唱只想
like,这首止战之殇
like,恶夜燃烛光天破息战乱
disgust,殇歌传千里家乡平饥荒
happiness,天真在这条路上跌跌撞撞
sadness,她被芒草割伤孩子们眼中的希望
disgust,是什么形状
like,是否醒来有面包当早餐
sadness,再喝碗热汤
like,农夫被烧毁土地跟村庄
like,终于拿起枪
happiness,她却慢慢习惯放弃了抵抗
happiness,孩子们眼中的希望
disgust,是什么形状
disgust,是否院子有秋千可以荡
anger,口袋里有糖
anger,刺刀的光被仇恨所擦亮
happiness,在远方野蛮
disgust,而她却微笑着不知道慌张孩子们眼中的希望
sadness,是什么形状是否醒来有面包当早餐
sadness,再喝碗热汤
like,(天真在这条路上
like,跌跌撞撞
sadness,她被芒草割伤)
like,农夫被烧毁土地跟村庄
like,终于拿起枪她却慢慢习惯放弃了抵抗
like,(天真在这条路上
like,跌跌撞撞
sadness,她被芒草割伤)-
like,-飘移
like,找支笔
like,写下日记
like,记录勇气
anger,我可以
happiness,对着墙壁
like,让拳头叛逆呼吸
like,天窗玻璃
anger,打开我的身体
happiness,这里引擎声就像是一种乐器所以
like,风呼啸而过刺激
happiness,所以
like,我在转弯飘移加足了马力
happiness,飙到底
like,看仔细零到一百公里
disgust,谁敢与我为敌
like,我用第一人称
sadness,在飘移青春输跟赢的分寸
anger,计算的很精准
happiness,我踏上风火轮
disgust,在飘移青春故事中的我们
anger,在演自己的人生胜败的对比
sadness,是残酷的可以
like,运气
anger,从来就不在我这里实力没办法模拟
like,飘移
like,人车一体
disgust,飘移笑看后视镜的自己
happiness,啊点火
happiness,继续
like,事关
anger,荣誉我除了
like,第一
like,其他没有
like,兴趣得飘
like,得飘
like,得伊得飘我安静的喝饮料
like,轻松的笑
like,我用第一人称
sadness,在飘移青春输跟赢的分寸
anger,计算的很精准
happiness,我踏上风火轮
disgust,在飘移青春故事中的我们
anger,在演自己的人生
like,-
like,得飘
like,得飘
anger,得伊得飘(得飘
like,得飘
sadness,得伊得飘)
happiness,我绕过山腰
like,雨声敲敲(我绕过山腰
like,雨声敲敲)
like,得飘
like,得飘
anger,得伊的飘(得飘
like,得飘
sadness,得伊得飘)
anger,再开进隧道
disgust,风声潇潇(再开进隧道
like,风声潇潇)
like,-
disgust,-一路向北
happiness,后视镜里的世界
like,越来越远的道别
happiness,你转身向北
like,侧脸还是很美
like,我用眼光去追
sadness,竟听见你的泪
anger,○在车窗外面徘徊
like,是我错失的机会
like,你站的方位
happiness,跟我中间隔着泪
like,街景一直在后退
happiness,你的崩溃在窗外零碎
disgust,◎我一路向北
disgust,离开有你的季节
like,你说你好累
happiness,已无法再爱上谁
disgust,风在山路吹
like,过往的画面全都是我不对
like,细数惭愧
like,我伤你几回我一路向北
disgust,离开有你的季节方向盘周围
sadness,回转着我的后悔我加速超越
like,却甩不掉紧紧跟随的伤悲细数惭愧
disgust,我伤你几回停止狼狈
happiness,就让错纯粹
like,-
like,-逆粼
like,这生命对每个人都不公平也没道理只能扑向泥泞迎向那阵骤雨由不得你
like,yeah~
like,wo
like,wo
like,-
like,-麦芽糖
like,-枫
happiness,却换不回熟悉的那张脸缓缓掉落的枫叶像思念为何挽回要赶在冬天来之前爱你穿越时间
disgust,两行来自秋末的眼泪让爱渗透了地面
disgust,我要的只是你在我身边被伤透的心能不能够继续爱我我用力牵起没温度的双手过往温柔
disgust,已经被时间上锁只剩挥散不去的难过在山腰间飘逸的红雨随着北风凋零
disgust,我轻轻摇曳风铃想唤醒被遗弃的爱情雪花已铺满了地
disgust,深怕窗外枫叶已结成冰
like,-
like,-浪漫手机
like,-
like,霍元甲>(新力博德曼
like,2006.1.20)
like,-
like,-霍元甲
like,歌手：周杰伦专辑：霍元甲
like,(EP)
like,-
like,-献世
like,作曲：周杰伦填词：黄伟文
like,-
like,-
happiness,-生日快乐
like,-
like,-黄金甲(2006)
sadness,旌旗如虹山堆叠如峰这军队蜿蜒如龙杀气如风血色如酒红将军我傲气如冲神色悍如凶黄金甲如忠铁骑剽悍我行如轰轰
like,景色如冬
happiness,萧瑟如枫攻势如弓魂断犹如梦中一静一动
disgust,如松千年不变如空如空如空血染盔甲我挥泪杀满城菊花谁的天下宫廷之上狼烟风沙生死不过一刀的疤情感漂泊漂泊
like,漂泊一世如我提供歌词仇恨绵延如火
happiness,愁人眉头如锁今生繁华如昨
sadness,兵戎相见如破千军万马万马万马奔腾那骨肉相残如错陈年战事如酒
like,成败转眼如秋遍地烽火烽火
disgust,烽火回忆如锈
sadness,那烽火回忆如锈
like,-
like,-《瓦解》
like,说着笑着的午后
sadness,钟声一直在停留
sadness,风声静静躺着在诱惑
like,我一个人在角落
like,没有你陪伴的我
anger,连寂寞都笑我太堕落
like,广场旁边的烟囱
like,烟雾弥漫你面容
sadness,我悄悄背诵你的温柔
like,喝着加温后的啤酒
like,这样唯美的镜头
like,是否只存在故事之中
like,在你的身后
sadness,时间把过去都带走
like,时间把镜头带走不假思索
happiness,回忆不放手
like,好想再跟你牵着手
sadness,牵着你给我的温柔
happiness,哭过以后眼泪还是不停的流
like,我一个人在角落
like,没有你陪伴的我
anger,连寂寞都笑我太堕落
like,在广场前的午后
like,烟雾弥漫你面容
sadness,我悄悄背诵你的温柔
like,喝着加温后的啤酒
like,这样唯美的镜头
like,是否只存在故事之中
like,在你的身后
disgust,时间把画面都带走
like,时间把镜头带走不假思索
happiness,回忆不放手
like,好想再跟你牵着手
sadness,牵着你给我的温柔
happiness,哭过以后眼泪还是不停的流
happiness,雨下过之后
disgust,街角出现彩虹
like,泪流干之后
like,有彩虹
like,-
like,-《绘梦之卷》
happiness,透风的七孔窗口射出西北角
sadness,抛下待命形状囃碎的格调
happiness,潜入梦群龙又无首
like,稻草屋简陋
disgust,九个洲晃悠又让时光走向瘦
disgust,一家封尘多年的斯蒙酒馆无人看守
disgust,回到十八年前我还在梦游
disgust,看不穿四面八方飞向了忧愁
happiness,等待图案不停拼凑再回到年幼
sadness,(再回到年幼)
like,烟火调
happiness,让耳朵老
happiness,谁发出冷笑
like,杰克桥
like,人那么少
disgust,我不停祷告
like,侧翼瞧
like,凹字奇妙
anger,和想象拥抱
anger,你看好
sadness,我做得到
like,向世间尽头问个早
sadness,聆听一排管弦奏起遗忘记忆
anger,水星来洒下的埋葬秘密
like,模糊看不清
happiness,五千年的历史光辉谁是编剧
like,哪个江
like,哪条河
disgust,思绪着荣耀的序
like,绘梦
like,绘梦
like,无辜的脸孔
like,懵懵懂懂
like,我把指尖向东
like,无色的雾水下落
like,绘梦
like,绘梦
like,深遂的双瞳
like,等候无穷
like,我要学回从容
like,记下那回头疼痛
like,绘梦
like,绘梦
like,描写的图鸿
like,忘掉唐宋
like,向后前进无用
like,哭弯了掌心的窘
like,绘梦
like,绘梦
like,寂寞的梧桐
like,北边天空
like,点坠斑斓时钟
happiness,化下重做的梦-
like,爱情编程
like,爱情不是玩游戏
like,若不了解就放弃
sadness,赢不到你的心
disgust,还输掉我自己
like,原来爱你还是
happiness,要你跟别人比
anger,我想我是玩不过你
disgust,游戏爱情过了隐
sadness,现在的我和你
like,渐渐地分高低
like,原来爱你还是要跟人比
happiness,谁有寂寞谁会动心
like,也许我没有他的本领
like,会讨你欢心
like,也许我没有他的无情
like,他的秘集
sadness,会偷你的心
anger,伤我的心
sadness,请你看看我的表情
happiness,我是真心真意爱着你
like,也许我我没有他的聪明
happiness,会让你开心
like,也许我没有他的神气
happiness,他的勇气
disgust,会让你安心
like,让我伤心
like,请你听听我的心跳
disgust,每分每秒都是为了你
like,也许我没有他的本领
like,会讨你欢心
like,也许我没有他的无情
like,他的秘集
sadness,会偷你的心
sadness,会偷你的心
anger,伤我的心
anger,伤我的心
sadness,请你看看我的表情
happiness,我是真心真意爱着你
like,都是为了你
like,爱着你-
happiness,《依然范特西》(新力博德曼
like,2006.9)
like,-
disgust,-夜的第七章
disgust,-歌手：周杰伦专辑:依然范特西
like,1983年小巷
disgust,12月晴朗面对第7章
like,打字机继续推向结局深深的码下一行闻着那烟头的雾
like,看着萎的树
like,树也仓皇对我哭远看前方的圆形广场
happiness,回家只是悲伤
sadness,月光下的徽章
like,微凉无人发出声响思念的北方邪恶在维多利亚的月光下
like,写下的稿青涩的收场
like,交汇的手掌
disgust,融化的理想谁不在场图画挂在墙上
like,破坏的假象矛盾通往他对街的小巷争取变完美的乐章那操纵这不能诉控的罪
like,就像我写了首华丽残酷的乐章
happiness,把这种理想我会亲手写上晨曦的光风干吹走一道忧伤
like,黑色的墨燃烧了香
like,此时只能吹向
like,没有脚印的土壤突兀的虚无幻想
happiness,可以信念的不忠每个人为不同的理由带着面具说谎到今夜只有一种名字那叫做欲望
like,farfartherfarther
happiness,越过人心的造作现实的可以不被弄脏我们可以
like,以往平淡的必需
like,直到真相被移动破坏的天窗
sadness,到最后一块都超越平常我听见脚步声是预料的软皮鞋跟他推开门
sadness,晚风好冷
happiness,没有的预征他自己听
sadness,在诉说的名称
happiness,我转身熄灭时的夜空开始沸腾杜鹃花在学会绽放
disgust,夜里的曙光我品尝着
like,最后一口
anger,甜美的恣想回想回想
like,END
like,-
happiness,-听妈妈的话
like,-
like,-菊花台
happiness,你的泪光
anger,柔弱中带伤
like,惨白的月儿弯弯
like,固住过往
like,夜太漫长凝结成了霜
disgust,是谁在阁楼上
like,冰冷地绝望
disgust,雨轻轻叹朱红色的窗
like,我依身在纸上
happiness,被风吹乱梦
like,在远方化成一缕香
anger,随风飘散你的模样
like,菊花灿烂地烧
like,你的笑容
like,已泛黄
anger,花落人断肠我心事静静躺
like,被风乱也微摇
disgust,你的影子剪不断
disgust,独留我孤单在湖面神伤
happiness,花已伤完
sadness,飘落了灿烂
disgust,凋谢的市道上
like,冥冥不堪手
happiness,摸独樵愁心拆两半
happiness,他已上不了爱一辈子
sadness,摇晃谁的江山
like,马蹄声慌乱
like,我一身的戎装呼啸沧桑
like,天微微亮
sadness,你轻声的叹
like,一夜惆怅如此委婉
like,菊花灿烂地烧
happiness,你的笑容已泛黄
happiness,花落人断肠
disgust,我心事静静躺被风乱也微摇
disgust,你的影子剪不断
disgust,独留我孤单在湖面
like,神伤
like,菊花灿烂地
disgust,烧你的笑容已
happiness,泛黄花落人断肠
like,我心事静静躺被风乱
like,也微摇
disgust,你的影子剪不断
disgust,独留我孤单在湖面神伤
like,-
like,-周杰伦
like,-
happiness,不能说的秘密(2007.6)
like,词:方文山曲:周杰伦不能说的秘密电影主打
like,-
sadness,-《牛仔很忙》(新力博德曼2007.10.31)
like,-牛仔很忙
like,作词：黄俊郎
disgust,作曲：周杰伦
like,-
disgust,编曲：周杰伦
like,-
happiness,呜啦啦啦火车笛
like,随着奔腾的马蹄
sadness,小妹妹吹着口琴
happiness,夕阳下美了剪影我用子弹写日记介绍完了风景接下来换介绍我自己我虽然是个牛仔
disgust,在酒吧只点牛奶
disgust,为什么不喝啤酒
happiness,因为啤酒伤身体很多人不长眼睛嚣张都靠武器赤手空拳就缩成蚂蚁不用麻烦了不用麻烦了不用麻烦不用麻烦了
anger,一起上好了正义呼唤我美女需要我
disgust,牛仔很忙的我啦啦啦骑毛驴因为马跨不上去洗澡都洗泡泡浴
disgust,因为可以玩玩具我有颗善良的心都只穿假牛皮
disgust,喔跌倒时尽量不压草皮枪口它没长眼睛
like,我曾经答应上帝
like,除非是万不得已
happiness,我尽量射橡皮筋老板先来杯奶昔要逃命前请你
like,顺便喂喂我那只小毛驴
like,-
like,-彩虹
disgust,作词：周杰伦
like,-
disgust,作曲：周杰伦
like,-
disgust,哪里有彩虹告诉我
sadness,太阳还是会绕
like,。没有理由
like,我也能自己走，你要离开我知道很简单
like,。你说依赖是我们的阻碍，就算放开但能不能别没收我的爱。(Rap)
anger,看不见你的笑
sadness,，要我怎么睡的着。你的声音这么近我却抱不到，没有地球太阳还是会绕会绕
disgust,。没有理由我也能自己走掉，释怀说了太多就成真不了。也许时间是一种解药解药
sadness,，也是我现在正服下的毒药
like,-
like,-青花瓷
disgust,素胚勾勒出青花笔锋浓转淡
like,瓶身描绘的牡丹一如你初妆
like,冉冉檀香透过窗心事我了然
happiness,宣纸上走笔至此搁一半
disgust,釉色渲染仕女图韵味被私藏
like,而你嫣然的一笑如含苞待放炊烟袅袅升起
like,隔江千万里
like,你的美一缕飘散
like,去到我去不了的地方
like,天青色等烟雨
like,而我在等你
like,炊烟袅袅升起
like,隔江千万里
sadness,在瓶底书汉隶仿前朝的飘逸
like,就当我为遇见你伏笔
like,天青色等烟雨
like,而我在等你
like,月色被打捞起
sadness,晕开了结局
happiness,如传世的青花瓷自顾自美丽
happiness,你眼带笑意
sadness,色白花青的锦鲤跃然于碗底
like,临摹宋体落款时却惦记着你
happiness,你隐藏在窑烧里千年的秘密
disgust,极细腻犹如绣花针落地
disgust,帘外芭蕉惹骤雨门环惹铜绿
sadness,而我路过那江南小镇惹了你
happiness,在泼墨山水画里
disgust,你从墨色深处被隐去
like,天青色等烟雨
like,而我在等你
like,炊烟袅袅升起
like,隔江千万里
sadness,在瓶底书汉隶仿前朝的飘逸
like,就当我为遇见你伏笔
like,天青色等烟雨
like,而我在等你
like,月色被打捞起
sadness,晕开了结局
happiness,如传世的青花瓷自顾自美丽
happiness,你眼带笑意
like,天青色等烟雨
like,而我在等你
like,炊烟袅袅升起
like,隔江千万里
sadness,在瓶底书汉隶仿前朝的飘逸
like,就当我为遇见你伏笔
like,天青色等烟雨
like,而我在等你
like,月色被打捞起
sadness,晕开了结局
happiness,如传世的青花瓷自顾自美丽
happiness,你眼带笑意
happiness,-阳光宅男
like,作词：方文山
disgust,作曲：周杰伦
like,-
disgust,钥匙挂腰带皮夹插后面口袋
happiness,，黑框的眼镜有几千度来海边穿西装裤。他不在乎我却想哭
anger,，他烤肉竟然会自带水壶
anger,。写信时用浆糊，走起路一不注意就撞树。我不想输
happiness,就算辛苦，我决定插手你的人生。让我们乘着阳光
like,，海上冲浪
disgust,吸引她目光。不要怕露出胸膛
happiness,。流一点汗
anger,你成了型男，让我们乘着阳光
like,，看着远方
disgust,别当路人甲。让美女缺氧
sadness,，靠在你肩膀
like,。我微笑在你旁边撑伞，喔对了对女生用心疼
happiness,，约会要等
like,讲笑话不能闷
disgust,。别太冷
like,像我一样就刚好，对爱的人
disgust,接吻要深。来电显示给个甜蜜的昵称，穿着要个性
anger,。这只是刚刚入门
disgust,，接下来你还要会弹琴会写歌会双截棍，头脑清楚
like,不能迷糊
like,。我要将你彻底改造基因重组大变身
like,-
disgust,-蒲公英的约定
like,作词：方文山
disgust,作曲：周杰伦
like,-
anger,小学篱芭旁的蒲公英
like,是记忆里有味道的风景午睡操场传来蝉的声音
happiness,多少年后也还是很好听将愿望折纸飞机寄成信
anger,因为我们等不到那流星认真投决定命运的硬币
sadness,却不知道到底能去哪里一起长大的约定
like,那样清晰
sadness,打过勾的我相信说好要一起旅行
sadness,是你如今
like,唯一坚持的任性在走廊上罚站打手心
happiness,我们却注意窗边的蜻蜓我去到哪里你都跟很紧
like,很多的梦在等待着进行一起长大的约定
like,那样真心
anger,与你聊不完的曾经而我已经分不清
like,你是友情还是错过的爱情
like,-
like,-无双
like,作词：方文山
disgust,作曲：周杰伦
like,-
disgust,苔藓绿了木屋
like,路深处
disgust,翠落的孟宗竹乱石堆上有雾
like,箭矢漫天飞舞
sadness,竟然在城墙上遮蔽了日出
happiness,是谁
disgust,在哭冲
anger,你懂
anger,你懂
like,你匆匆
sadness,有多少的蛮力就拉多少的弓听我说武功
disgust,无法高过寺院的钟
disgust,禅定的风
like,静如水的松我命格无双
like,一统江山
like,狂胜之中
disgust,我却黯然语带悲伤我一路安营扎下蓬
like,青铜刀锋
happiness,不轻易用
like,苍生为重我命格无双
like,一统江山
happiness,破城之后
sadness,我却微笑绝不恋战我等待异族望天空
like,歃血为盟
anger,我等效忠
disgust,浴火为龙残缺的老茶壶
like,几里外
disgust,马蹄上的尘土升狼烟的城池
like,这种世道叫做乱世那历史已模糊
disgust,刀上的锈却出土的很清楚
like,序
anger,你去
anger,你去
happiness,你继续
disgust,我敲木鱼
anger,开始冥想这场战役我攻城掠地
sadness,想冷血
anger,你需要勇气
like,挥剑离去
sadness,我削铁如泥你去
happiness,你再去
anger,你继续不敌我致命的一击
like,远方的横笛
sadness,吹奏你战败的消息保持着杀气
anger,想赢的情绪
disgust,让我君临天下的驾驭我命格无双
like,一统江山
like,狂胜之中
disgust,我却黯然语带悲伤我一路安营扎下蓬
like,青铜刀锋
happiness,不轻易用
like,苍生为重我命格无双
like,一统江山
happiness,破城之后
sadness,我却微笑绝不恋战我等待异族望天空
happiness,歃血为盟我等效忠
like,浴火为龙狂胜之中
disgust,我却黯然语带悲伤我命格无双
like,一统江山
happiness,破城之后
sadness,我却微笑绝不恋战我等待异族望天空
like,歃血为盟
anger,我等效忠
like,浴火为龙
like,-
anger,-我不配
like,作词：方文山
disgust,作曲：周杰伦
like,-
like,这街上太拥挤
sadness,太多人有秘密
anger,你脸上的情绪
like,在还原那场雨
disgust,这巷弄太过弯曲走不回故事里这日子不再绿
happiness,又斑驳了几句
disgust,剩下搬空回忆的我在大房子里电影院的座椅
like,隔遥远的距离
sadness,你不过要人陪这感觉已经不对
like,-
like,-扯
like,作词：方文山
disgust,作曲：周杰伦
like,-
like,天气
like,冷的让人生闷气火气
anger,我沮丧的很生气空气
like,太糟需要有氧气太多假义气一想就气敲门
like,敲敲门
anger,基本礼貌叩要先问离开也不随手关灯
like,生活习惯真有够混敲门
like,敲敲门
sadness,简单动作叩也不等你看来虽不像坏蛋
sadness,但做事做人却很蠢你像一团沼气
sadness,损我的英气又那么神气说话的语气
sadness,败坏了风气
like,我不想为你为你白花了力气扯多你就会上瘾扯你最善变的表情
anger,我的解释请你务必要听那么会扯去扯铃
anger,却扯不出个命运扯你最善变的表情
anger,嘿你这样说我有一点伤心不停犯错
happiness,不停推拖养了一堆籍口
sadness,等它成熟前一秒说是朋友
like,后一秒诬赖我别再跟我哈啦
disgust,我不是个傻瓜说谎就要付出代价
like,别再跟我哈啦
disgust,你被当成笑话自己造成的那尴尬
like,我也没有办法
like,-
like,-甜甜的
like,作词：方文山
disgust,作曲：周杰伦
like,-
like,我轻轻的尝一口你说的爱我
disgust,还在回味你给过的温柔我轻轻的尝一口这香浓的诱惑
happiness,我喜欢的样子你都有你爱过头竟然答应我
like,要给我蜂蜜口味的生活加一颗奶球我搅拌害羞
sadness,将甜度调高后再牵手你的爱太多想随身带走
like,想你的时候就吃上一口我温热着被呵护的感受
sadness,却又担心降温了要求我尝着你话里面的奶油溜啊溜
disgust,听过的每句话都很可口呦啊呦那些多余的画面全被跳过你的眼中只有我我轻轻的尝一口
anger,你说的爱我
sadness,还在回味你给过的温柔我轻轻的尝一口
like,这香浓的诱惑
disgust,我喜欢的样子你都有我轻轻的尝一口舍不得吃会微笑的糖果我轻轻的尝一口
anger,份量虽然不多
like,却将你的爱完全吸收我微笑着让香味停留
happiness,缘份走到这也赖着不走像夹心饼干中间有甜头
like,继续下去不需要理由
like,-
like,-最长的电影
disgust,作词：周杰伦
disgust,作曲：周杰伦
like,-
sadness,我们的开始
sadness,是很长的电影放映了三年
like,我票都还留着冰上的芭蕾
like,脑海中还在旋转望着你
disgust,慢慢忘记你朦胧的时间
sadness,我们溜了多远冰刀划的
happiness,圈起了谁改变如果再重来
disgust,会不会稍嫌狼狈爱是不是不开口才珍贵再给我两分钟
happiness,让我把记忆结成冰别融化了眼泪
happiness,你妆都花了要我怎么记得记得你叫我忘了吧
happiness,记得你叫我忘了吧你说你会哭
like,不是因为在乎
like,-
